subj_idx,param,rhat
P001,a(0),1.0017220388612627
P001,a(1),1.0010208991876985
P001,v(0),1.0003710150639682
P001,v(1),1.0008259268453972
P001,t(0),1.0029880906573319
P001,t(1),1.0014561355968101
P001,sz,1.0015212502384838
P001,st,1.0018889153516584
P001,z_trans(0),1.0001507694585505
P001,z_trans(1),1.0011471712819584
P002,a(0),1.0025130475849997
P002,a(1),1.0004280117540074
P002,v(0),1.0008285576776716
P002,v(1),1.0013525479646799
P002,t(0),1.0036268538503335
P002,t(1),1.0008289004142903
P002,sz,0.9998932149157284
P002,st,1.0027609545110046
P002,z_trans(0),1.0008414872941216
P002,z_trans(1),1.0012539267115035
P003,a(0),1.001257452558955
P003,a(1),1.0014864136995512
P003,v(0),1.0001160642250029
P003,v(1),1.000494034995125
P003,t(0),1.0029243131092103
P003,t(1),1.0006923291750829
P003,sz,1.0015002601594782
P003,st,1.0004236474454444
P003,z_trans(0),1.000100171345075
P003,z_trans(1),1.00072652063364
P004,a(0),1.000570109691535
P004,a(1),1.0010029112404657
P004,v(0),1.0011092422141767
P004,v(1),1.0009209336956464
P004,t(0),1.0004852935383794
P004,t(1),1.0012389032940683
P004,sz,1.0004211721500986
P004,st,1.0004062897302008
P004,z_trans(0),1.0011384852026879
P004,z_trans(1),1.0013127572267846
P005,a(0),1.000253141316525
P005,a(1),1.0027561041235196
P005,v(0),1.000496468738055
P005,v(1),1.0016733919528413
P005,t(0),1.0006573263276364
P005,t(1),1.0051682381892706
P005,sz,1.0006915904577156
P005,st,1.0021552385496133
P005,z_trans(0),1.000853670877292
P005,z_trans(1),1.0024614261854299
P006,a(0),1.0002508138659552
P006,a(1),1.0018727690744207
P006,v(0),1.0005149761387697
P006,v(1),1.0007025197348778
P006,t(0),1.0011008150536989
P006,t(1),1.0049559181127647
P006,sz,1.0011276249368852
P006,st,1.0035043596311581
P006,z_trans(0),1.0006177063884574
P006,z_trans(1),1.0024029922637328
P007,a(0),1.000611437316222
P007,a(1),1.0050811927838164
P007,v(0),1.0015817939799174
P007,v(1),1.004029609190988
P007,t(0),1.0005651629484327
P007,t(1),1.0054578032283645
P007,sz,1.0011447708163652
P007,st,1.0009279704206941
P007,z_trans(0),1.0014957400007332
P007,z_trans(1),1.0036559664737519
P008,a(0),1.0008396735615697
P008,a(1),1.0036850626954334
P008,v(0),1.0009375246933065
P008,v(1),1.0066554619420753
P008,t(0),1.0017173530852947
P008,t(1),1.0084295339507183
P008,sz,1.0004942784889992
P008,st,1.0031769564161175
P008,z_trans(0),1.0007913866926317
P008,z_trans(1),1.0061491128290763
P009,a(0),1.0020192625005457
P009,a(1),1.0028480228751293
P009,v(0),1.0003993881030038
P009,v(1),1.0021018386774956
P009,t(0),1.0021313966003331
P009,t(1),1.0028004542939073
P009,sz,1.0013659618693103
P009,st,1.0008337703330332
P009,z_trans(0),1.0008216004526527
P009,z_trans(1),1.001839208083766
P010,a(0),1.0003793619298165
P010,a(1),1.0002472035208438
P010,v(0),1.0004810219287839
P010,v(1),1.0006880985743496
P010,t(0),1.0005109333354
P010,t(1),1.0023266573424274
P010,sz,1.0006971481253282
P010,st,1.0006523916449483
P010,z_trans(0),1.0004001699340095
P010,z_trans(1),1.0018614157603198
P011,a(0),1.0009081769940176
P011,a(1),1.0024239227398044
P011,v(0),1.0013916487671943
P011,v(1),1.0011328694578867
P011,t(0),1.002303446978518
P011,t(1),1.0027983372414238
P011,sz,1.0006309788833256
P011,st,1.0016650730016425
P011,z_trans(0),1.0015801909249993
P011,z_trans(1),1.0010031981850787
P012,a(0),1.0016915262842385
P012,a(1),1.0020179474422672
P012,v(0),1.0001774570937434
P012,v(1),1.0022208392921452
P012,t(0),1.0019912707905676
P012,t(1),1.0038330119980723
P012,sz,1.0001781139802084
P012,st,1.0010885222065844
P012,z_trans(0),1.0007111681738488
P012,z_trans(1),1.0021218847855407
P013,a(0),1.0023146901668185
P013,a(1),1.0033556687572667
P013,v(0),1.0006818390044558
P013,v(1),1.0038167850035358
P013,t(0),1.0019875800617946
P013,t(1),1.0047836770732121
P013,sz,1.00018631685242
P013,st,1.0016017646984667
P013,z_trans(0),1.0009606798969082
P013,z_trans(1),1.0054977227768196
P014,a(0),1.0011937988677366
P014,a(1),1.0018542705839717
P014,v(0),1.0008639870234064
P014,v(1),1.0009361231544884
P014,t(0),1.0029388926987626
P014,t(1),1.0036285302336594
P014,sz,1.0016809979361085
P014,st,1.0034914500127623
P014,z_trans(0),1.0008338075514065
P014,z_trans(1),1.0008358713405066
P015,a(0),1.0010476163221185
P015,a(1),1.0060283903366205
P015,v(0),1.000170621764058
P015,v(1),1.0016990463536508
P015,t(0),1.0007880240401266
P015,t(1),1.004398674364474
P015,sz,1.0007465265352629
P015,st,1.0001038803456719
P015,z_trans(0),1.0007069278876581
P015,z_trans(1),1.0044115222055057
P016,a(0),1.0009271452813835
P016,a(1),1.0022037433061497
P016,v(0),1.000441866523144
P016,v(1),1.0010718801148337
P016,t(0),1.0017328638384781
P016,t(1),1.003821733219105
P016,sz,1.0009596737038833
P016,st,1.0015477839346028
P016,z_trans(0),1.0007752888898023
P016,z_trans(1),1.0020263405256926
P017,a(0),1.0009051503927446
P017,a(1),1.0009991398935467
P017,v(0),1.000536446867522
P017,v(1),1.0011545897694611
P017,t(0),1.0020032469189823
P017,t(1),1.002855171320315
P017,sz,1.0007818176350853
P017,st,1.0011777670420465
P017,z_trans(0),1.0003851463244298
P017,z_trans(1),1.0013041060674464
P018,a(0),1.0025479114787166
P018,a(1),1.004480021537423
P018,v(0),1.0009005179947394
P018,v(1),1.0017097480485753
P018,t(0),1.0043475627256095
P018,t(1),1.0073584534828255
P018,sz,1.000637737070569
P018,st,1.0064908721202441
P018,z_trans(0),1.0013846962400608
P018,z_trans(1),1.0034698005290696
P019,a(0),1.0007944085155664
P019,a(1),1.0031604788370083
P019,v(0),1.0004752373790398
P019,v(1),1.00234548944525
P019,t(0),1.0010362752965345
P019,t(1),1.0059487852791151
P019,sz,1.0008264744036324
P019,st,1.0016228020172784
P019,z_trans(0),1.0004505940143016
P019,z_trans(1),1.0052791200430569
P020,a(0),1.0001405483615828
P020,a(1),1.0009449273704947
P020,v(0),1.000312217536035
P020,v(1),1.00159350430289
P020,t(0),1.0005377275804104
P020,t(1),1.003865506477417
P020,sz,1.0012355061653833
P020,st,1.000654191296677
P020,z_trans(0),1.0002503455208585
P020,z_trans(1),1.003944710225374
P021,a(0),1.0012997909025392
P021,a(1),1.002685069344941
P021,v(0),1.0005868216709795
P021,v(1),1.0037368724161084
P021,t(0),1.0018293677827383
P021,t(1),1.0032006092105825
P021,sz,1.0003024096535957
P021,st,1.0023858869458997
P021,z_trans(0),1.000650072181932
P021,z_trans(1),1.0023610033200596
P022,a(0),1.0015559831898242
P022,a(1),1.0010297899966205
P022,v(0),1.0002562476978791
P022,v(1),1.000737735447156
P022,t(0),1.0015114449359133
P022,t(1),1.0019570788131218
P022,sz,1.0010257349458098
P022,st,1.0019522958749547
P022,z_trans(0),1.0005969527844767
P022,z_trans(1),1.0027462708885533
P023,a(0),1.0011334108799315
P023,a(1),1.003604670796906
P023,v(0),1.0000813365194707
P023,v(1),1.0030090367237592
P023,t(0),1.001782519078858
P023,t(1),1.0080794139094633
P023,sz,1.000181487849506
P023,st,1.0027327954588723
P023,z_trans(0),1.0002366768208544
P023,z_trans(1),1.0056800093089724
P024,a(0),1.0005287523297346
P024,a(1),1.0006189483674062
P024,v(0),1.0003971075383087
P024,v(1),1.000744937449022
P024,t(0),1.0004492688861026
P024,t(1),1.0024505096530434
P024,sz,1.0002871177828994
P024,st,1.001512897866713
P024,z_trans(0),1.0003663645839216
P024,z_trans(1),1.0012412513085813
P025,a(0),1.000803764645407
P025,a(1),1.0032942003299437
P025,v(0),1.0007354526165038
P025,v(1),1.0040100963962735
P025,t(0),1.0006836564791564
P025,t(1),1.010116130812389
P025,sz,1.0002835500175324
P025,st,1.0041227871169405
P025,z_trans(0),1.0006047386524821
P025,z_trans(1),1.0067300744130445
P026,a(0),1.0010980881800529
P026,a(1),1.0030930750971088
P026,v(0),1.0003503008194876
P026,v(1),1.001448276288168
P026,t(0),1.000414832390412
P026,t(1),1.0036627474221191
P026,sz,1.000646230462042
P026,st,1.0009495902091503
P026,z_trans(0),1.0000608297034017
P026,z_trans(1),1.0019958046961417
P027,a(0),0.9999911646028585
P027,a(1),1.0038260488467254
P027,v(0),1.000457126069829
P027,v(1),1.0027593780976054
P027,t(0),1.0004630709783506
P027,t(1),1.0039852802098526
P027,sz,1.0002907178375247
P027,st,1.0007686479590996
P027,z_trans(0),1.000074626727111
P027,z_trans(1),1.0019467644353546
P028,a(0),1.0007356651805228
P028,a(1),1.0021044542960649
P028,v(0),1.0001807477573132
P028,v(1),1.0013323282398054
P028,t(0),1.0004539905650691
P028,t(1),1.0010513366076188
P028,sz,1.00020094552506
P028,st,1.0002258600077618
P028,z_trans(0),1.0004185293996706
P028,z_trans(1),1.0018254992834734
P029,a(0),1.0003481058572814
P029,a(1),1.0002102542073812
P029,v(0),0.9999648064351438
P029,v(1),1.0002647483189535
P029,t(0),1.0008266749340804
P029,t(1),1.003420825826602
P029,sz,1.0001786845370495
P029,st,1.0011418898494155
P029,z_trans(0),0.9999582247691209
P029,z_trans(1),1.002006408524827
P030,a(0),1.000357152633682
P030,a(1),1.0012585990814307
P030,v(0),1.0003987701292845
P030,v(1),1.0006516841739612
P030,t(0),1.000511540207555
P030,t(1),1.0015399217677785
P030,sz,1.0005455068621596
P030,st,1.0010833968408521
P030,z_trans(0),1.0003604448321368
P030,z_trans(1),1.001202190019222
P031,a(0),1.0013691884195992
P031,a(1),1.0026218613664062
P031,v(0),1.0003782098649434
P031,v(1),1.0021480188203193
P031,t(0),1.0020164214958893
P031,t(1),1.0011902859131299
P031,sz,1.0009798395423368
P031,st,1.0004489642208287
P031,z_trans(0),1.0002757214274176
P031,z_trans(1),1.0009890204272187
P032,a(0),1.0007090141609605
P032,a(1),1.0018597252261359
P032,v(0),1.0004654125664747
P032,v(1),1.0014236498916997
P032,t(0),1.0002084206877941
P032,t(1),1.0026530231573876
P032,sz,1.000751309234842
P032,st,1.0009153500169548
P032,z_trans(0),1.00101742028677
P032,z_trans(1),1.0033812058477698
P033,a(0),1.0047326158555054
P033,a(1),1.0024380787054306
P033,v(0),1.0039634162472297
P033,v(1),1.0016302574075395
P033,t(0),1.006872030966203
P033,t(1),1.003192353621299
P033,sz,1.000562363344981
P033,st,1.008777906172121
P033,z_trans(0),1.0049272365427415
P033,z_trans(1),1.002364048574133
P034,a(0),1.002931333041277
P034,a(1),1.0015591344710584
P034,v(0),1.0002830925564412
P034,v(1),1.0004621611565176
P034,t(0),1.0040574306375276
P034,t(1),1.0008891274970155
P034,sz,1.0007220793154816
P034,st,1.0029013191644878
P034,z_trans(0),1.0002080145336854
P034,z_trans(1),1.000901477574463
P035,a(0),1.000410043220884
P035,a(1),1.0005790556259069
P035,v(0),1.0001211708068904
P035,v(1),1.0002208760102942
P035,t(0),1.0007611744877913
P035,t(1),1.001359789969261
P035,sz,1.001117442105489
P035,st,1.0006350122726257
P035,z_trans(0),1.0004080810063554
P035,z_trans(1),1.0012178029948087
P036,a(0),1.0007617088337917
P036,a(1),1.0032597969863846
P036,v(0),1.0000560032692178
P036,v(1),1.0012772321128207
P036,t(0),1.0011625989982835
P036,t(1),1.0035323205362716
P036,sz,1.0014629393376924
P036,st,1.0009298886705422
P036,z_trans(0),1.0001011470686958
P036,z_trans(1),1.002636865282498
P037,a(0),1.0004894669618263
P037,a(1),1.0013245080079463
P037,v(0),1.0017522185214427
P037,v(1),1.0019899583958765
P037,t(0),1.0015289876269535
P037,t(1),1.0028515394136337
P037,sz,1.0004405713870264
P037,st,1.0005149524557466
P037,z_trans(0),1.0017023251721628
P037,z_trans(1),1.0029584272066918
P038,a(0),1.0016724135270143
P038,a(1),1.0015895381536382
P038,v(0),1.0000391826015023
P038,v(1),1.0001704907438043
P038,t(0),1.0012390319085134
P038,t(1),1.0022430518822285
P038,sz,1.000709443152588
P038,st,1.0001192335453186
P038,z_trans(0),1.000270500931397
P038,z_trans(1),1.001103342618148
P039,a(0),1.0004868347059968
P039,a(1),1.0010892967275018
P039,v(0),1.002676011992598
P039,v(1),1.0023959325582208
P039,t(0),1.0046266235556707
P039,t(1),1.00292504614813
P039,sz,1.0014257037120307
P039,st,1.0039431526922988
P039,z_trans(0),1.0025008083732727
P039,z_trans(1),1.0012010696377045
P040,a(0),1.0014770740982721
P040,a(1),1.0007432956129607
P040,v(0),1.0001469525021414
P040,v(1),1.001233348089411
P040,t(0),1.0020943453843443
P040,t(1),1.0015692459274435
P040,sz,1.0003406746810066
P040,st,1.000607253762027
P040,z_trans(0),1.0004307203601097
P040,z_trans(1),1.0019604976162428
P041,a(0),1.001663745283829
P041,a(1),1.000459325440785
P041,v(0),1.0003509255965433
P041,v(1),1.0002800456144323
P041,t(0),1.0023739274824965
P041,t(1),1.001097617957347
P041,sz,1.0022163207757517
P041,st,1.0012998291078927
P041,z_trans(0),1.0007701890559664
P041,z_trans(1),1.0002594931010687
P042,a(0),1.0002702558767165
P042,a(1),1.005543480540541
P042,v(0),1.0003723933579605
P042,v(1),1.000968765474661
P042,t(0),1.00108080619147
P042,t(1),1.0014484338508043
P042,sz,1.0006537771193469
P042,st,1.001398799382922
P042,z_trans(0),1.0005583732088308
P042,z_trans(1),1.0012819699525979
P043,a(0),1.0011372834733716
P043,a(1),1.002477623809892
P043,v(0),1.0009199876068848
P043,v(1),1.0016025871768695
P043,t(0),1.0024573636090355
P043,t(1),1.002392273631149
P043,sz,1.001904849798504
P043,st,1.0014008660288936
P043,z_trans(0),1.0006528449031467
P043,z_trans(1),1.0030138751260929
P044,a(0),1.001826223438097
P044,a(1),1.0007772423206147
P044,v(0),1.000713707101804
P044,v(1),1.0005075070527671
P044,t(0),1.003042410384563
P044,t(1),1.0012346914018626
P044,sz,1.000327495699578
P044,st,1.0019329361260123
P044,z_trans(0),1.0017914131245602
P044,z_trans(1),0.9999318902378032
P045,a(0),1.0007645407147765
P045,a(1),1.0016850642440385
P045,v(0),1.000143365476983
P045,v(1),1.0003665788994653
P045,t(0),1.0009163792335771
P045,t(1),1.003500558585073
P045,sz,1.0009267083207307
P045,st,1.005138710208583
P045,z_trans(0),1.0008821544044895
P045,z_trans(1),1.0010129880278538
P046,a(0),1.0006078114527392
P046,a(1),1.0015449939702954
P046,v(0),1.000738150614505
P046,v(1),1.0009652625315315
P046,t(0),1.001030012355233
P046,t(1),1.002297914409943
P046,sz,1.0009425854304992
P046,st,1.0003509484362934
P046,z_trans(0),1.0003093238001806
P046,z_trans(1),1.0019582675555123
P047,a(0),1.0012607332955699
P047,a(1),1.0075623468525614
P047,v(0),1.0007033881257246
P047,v(1),1.0043086811486635
P047,t(0),1.0029398778687253
P047,t(1),1.0061000221192453
P047,sz,1.0009794281136002
P047,st,1.0017325893329339
P047,z_trans(0),1.0009753789559936
P047,z_trans(1),1.0019079143641068
P048,a(0),1.0016446162188535
P048,a(1),1.006477530495584
P048,v(0),1.0012194220458945
P048,v(1),1.0021250371154802
P048,t(0),1.00300423851534
P048,t(1),1.0050732362803152
P048,sz,1.0011321994539442
P048,st,1.0022276182398795
P048,z_trans(0),1.000492872557335
P048,z_trans(1),1.0010975246696785
P049,a(0),1.0005573709295517
P049,a(1),1.0019995089744766
P049,v(0),1.0004469510810239
P049,v(1),1.0016065592483738
P049,t(0),1.001257649971005
P049,t(1),1.0032183274604167
P049,sz,1.001011807709699
P049,st,1.0008739548358234
P049,z_trans(0),1.0009183166179474
P049,z_trans(1),1.0021614381662607
P050,a(0),1.000066383190006
P050,a(1),1.0007729540358152
P050,v(0),1.0002448263379045
P050,v(1),1.000929240518507
P050,t(0),1.0009073656742078
P050,t(1),1.0019024865842683
P050,sz,1.0003690805540482
P050,st,1.000606015082417
P050,z_trans(0),1.0001770912804608
P050,z_trans(1),1.0027853283521744
P051,a(0),1.0010210294736124
P051,a(1),1.0010525482482093
P051,v(0),1.0006573451179082
P051,v(1),1.0010890501414527
P051,t(0),1.0013946127560625
P051,t(1),1.001206299056551
P051,sz,1.0007467413582698
P051,st,1.0010238277451387
P051,z_trans(0),1.0004300456259474
P051,z_trans(1),1.0004709425014897
P052,a(0),1.0053117659101916
P052,a(1),1.0039584213665174
P052,v(0),1.0005511484033456
P052,v(1),1.0012780520046993
P052,t(0),1.0060015305819703
P052,t(1),1.0072536492351203
P052,sz,1.0008364954494304
P052,st,1.0096675217789302
P052,z_trans(0),1.000626227678534
P052,z_trans(1),1.002276141652683
P054,a(0),1.0005954064068894
P054,a(1),1.0062761451858868
P054,v(0),1.0004414215935509
P054,v(1),1.0039632511195113
P054,t(0),1.0017856865096595
P054,t(1),1.0057576134185902
P054,sz,1.0007063656603923
P054,st,1.0012852248937603
P054,z_trans(0),1.000663799782051
P054,z_trans(1),1.002495382478294
P055,a(0),1.0003829445752146
P055,a(1),1.0023192651562298
P055,v(0),1.0006695190378125
P055,v(1),1.0033451776520745
P055,t(0),1.0013201837875325
P055,t(1),1.0069096397089814
P055,sz,1.0010244933675239
P055,st,1.001048978163702
P055,z_trans(0),1.0008852975070262
P055,z_trans(1),1.006177980177985
P056,a(0),0.99996116894378
P056,a(1),1.0024781326731729
P056,v(0),1.0001503911965899
P056,v(1),1.0012771117919765
P056,t(0),1.0001807119073074
P056,t(1),1.0037075942022613
P056,sz,1.0001629031269788
P056,st,1.0010493973701922
P056,z_trans(0),1.0001541235968696
P056,z_trans(1),1.0015404854244483
P057,a(0),1.000770829074904
P057,a(1),1.0021103241201377
P057,v(0),1.0002839980918938
P057,v(1),1.000633090665167
P057,t(0),1.0006438877823904
P057,t(1),1.0016642052819862
P057,sz,1.001008260103925
P057,st,1.0002019540568334
P057,z_trans(0),1.000345834379113
P057,z_trans(1),1.0010124407319554
P058,a(0),1.0015481047740686
P058,a(1),1.0012859380105334
P058,v(0),1.000771046259331
P058,v(1),1.000673523114987
P058,t(0),1.002260539148692
P058,t(1),1.0023891002277348
P058,sz,1.0001522632802478
P058,st,1.0016335920995443
P058,z_trans(0),1.0007337288296774
P058,z_trans(1),1.0009982484753304
P059,a(0),1.0000990739511835
P059,a(1),1.0017981159239682
P059,v(0),1.0003477684723712
P059,v(1),1.0010456216369938
P059,t(0),1.0000942492264537
P059,t(1),1.0005465489631937
P059,sz,1.000871736523827
P059,st,1.0003587034998873
P059,z_trans(0),1.0016199899920635
P059,z_trans(1),1.0005265273087243
