subj_idx,a(0),st,sz,t(0),v(0),z_trans(0)
P001,1.458416492,0.146743546,0.200529474,0.136131656,0.480453528,0.633112761
P002,1.474717443,0.208271898,0.189835971,0.176288654,0.439320652,0.979733989
P003,1.491550146,0.160693251,0.16179036,0.125662723,1.364785954,0.464796046
P004,1.42875043,0.178605647,0.189388663,0.144484144,0.680901752,0.732413534
P005,1.497848656,0.169640356,0.184697315,0.145579841,0.411543219,0.912257103
P006,1.551955713,0.166282762,0.171151945,0.164475629,0.912920841,0.875452252
P007,1.422461886,0.163983893,0.200667584,0.154129456,0.51892481,0.854811457
P008,1.467473363,0.151025226,0.252943452,0.124472892,0.735118886,0.480448961
P009,1.558424262,0.133550957,0.285323046,0.104901013,0.957663238,0.55434679
P010,1.474359697,0.184505582,0.244980783,0.11818732,0.9832244,0.498039396
P011,1.465784453,0.184659097,0.176654632,0.172485776,0.598873568,0.947675192
P012,1.545525425,0.219452285,0.176968033,0.16117188,0.531330754,0.871373451
P013,1.52148583,0.173326937,0.228878332,0.164039012,0.379366649,0.775911983
P014,1.509313373,0.16622263,0.212066926,0.1261222,0.855882228,0.427667189
P015,1.419015992,0.176213139,0.181633937,0.141282735,0.276078687,0.749648657
P016,1.41190479,0.226232198,0.18570312,0.170170998,0.701578963,0.760478585
P017,1.373591916,0.171551859,0.14399454,0.149433085,0.499890347,0.921198375
P018,1.52903253,0.16339283,0.170291452,0.155962839,0.741843347,0.708555024
P019,1.536806851,0.155320617,0.23667574,0.118055296,1.18035327,0.562416041
P020,1.588987573,0.191562112,0.254195961,0.131689091,0.39005357,0.800895274
P021,1.508675632,0.171597274,0.165728771,0.16613434,0.547955548,0.989645618
P022,1.446676154,0.16853852,0.193947151,0.117469212,0.632447681,0.539920816
P023,1.555240242,0.175208543,0.175339999,0.131765809,0.314873723,0.854594978
P024,1.553357491,0.170039625,0.155795779,0.130920168,0.859065955,0.669608918
P025,1.621029427,0.156465174,0.163601735,0.133310862,0.421092449,0.888729374
P026,1.48784923,0.189512337,0.230433863,0.165224721,0.549263456,0.968215106
P027,1.593540312,0.129426074,0.246620333,0.11886614,0.825688429,0.628515714
P028,1.493346612,0.178552299,0.193819515,0.134867379,0.586139637,0.727449256
P029,1.647531869,0.144930608,0.346392253,0.113487799,0.731481944,0.48828538
P030,1.489892358,0.193623253,0.303254727,0.151768303,0.835642348,0.575304083
P031,1.455352844,0.204879715,0.197452979,0.135013029,1.001225875,0.626688327
P032,1.455345644,0.198068713,0.174645315,0.134642902,0.689643562,0.470551839
P033,1.389226132,0.179719857,0.212480456,0.162492646,0.365612562,0.963131185
P034,1.443118975,0.135905279,0.219024936,0.153567923,0.570887819,0.815683929
P035,1.558356261,0.173242772,0.171343164,0.13973919,0.696775341,0.785340419
P036,1.561925964,0.123335227,0.33540167,0.118499674,0.655514047,0.630581282
P037,1.381913464,0.070351123,0.204048217,0.175198436,0.620816986,0.693574585
P038,1.392045881,0.150708719,0.219889585,0.107929244,1.073817265,0.402249027
P039,1.555214291,0.174797854,0.222571721,0.153274605,0.727379328,0.821004383
P040,1.586995815,0.205537131,0.244568217,0.140900695,0.610728366,0.674878197
P041,1.388514248,0.212385628,0.15004737,0.164397821,0.969114461,0.84156595
P042,1.595726524,0.180899296,0.232244464,0.126070012,0.846814521,0.505310655
P043,1.512041335,0.148223151,0.319357925,0.118005768,0.492028256,0.683672828
P044,1.525990061,0.199633494,0.175084051,0.159677564,0.919587293,0.693687045
P045,1.540547098,0.201612032,0.191505413,0.134579748,0.545641449,0.91487653
P046,1.528103874,0.168303791,0.178316742,0.149254326,0.383081544,0.938630785
P047,1.610007254,0.184368187,0.172817962,0.145141855,0.18701048,1.126535672
P048,1.460081801,0.126487087,0.200785804,0.142230155,0.453007334,1.037859317
P049,1.551503672,0.120328877,0.201494661,0.132157042,0.745019735,0.848481036
P050,1.511985207,0.148957907,0.159984553,0.119889193,1.423460714,0.215387221
P051,1.457107607,0.153212817,0.217000868,0.11413682,1.303039163,0.474213974
P052,1.379599909,0.209276672,0.197490418,0.165776203,0.860946909,0.864963238
P053,1.604030593,0.124144722,0.245603387,0.112946884,0.576445444,0.547648885
P054,1.462944827,0.17437103,0.176605163,0.159889724,0.363436841,0.812191402
P055,1.496816537,0.184943261,0.202018316,0.14377639,0.650996947,0.559886152
P056,1.505219779,0.186206569,0.177295352,0.161612595,0.491469144,0.788045423
P057,1.408943798,0.172348028,0.146503421,0.122854545,0.641833536,0.604536996
P058,1.53269168,0.192752148,0.246174438,0.158425577,0.54798924,0.837730881
P059,1.495743572,0.192877449,0.352850053,0.143762098,0.649339655,0.557156056
P060,1.449420532,0.102880745,0.268057278,0.149550392,0.593472594,0.666713975
P061,1.513079259,0.175621715,0.177700439,0.119849622,0.387223809,0.748010204
P062,1.372574482,0.171098977,0.156492733,0.143416269,0.889188628,0.540477461
P063,1.469581933,0.206162452,0.220418748,0.140360724,0.53641933,0.568566019
P064,1.444757343,0.148895815,0.229261482,0.152391688,0.577818878,0.51566331
P065,1.530225096,0.136367237,0.260977895,0.11659581,0.599656559,0.584763192
P066,1.500952604,0.149373535,0.320322709,0.124708456,0.915474989,0.658289734
P067,1.476694945,0.159462704,0.179820239,0.128677814,0.336181153,0.64406877
P068,1.56561457,0.137348625,0.225719837,0.109282883,0.774747248,0.571915132
P069,1.479108764,0.175103243,0.153826244,0.164320512,0.301221012,0.696324706
P070,1.419791485,0.164011887,0.15985316,0.130472009,0.575581057,0.524684854
P071,1.434770761,0.195580677,0.182334155,0.159887087,0.942944191,0.629084841
P072,1.650520924,0.177570112,0.194216783,0.154681822,0.770836245,0.52840876
P073,1.618626978,0.156674647,0.234020173,0.134596924,0.963814377,0.46856285
P074,1.3686565,0.162238858,0.20030188,0.170516621,0.036573515,0.850080577
P075,1.469621624,0.169626535,0.179884956,0.169858352,0.736108923,0.751382758
P076,1.474543421,0.148525433,0.25239722,0.152101396,0.806288211,0.646953574
P077,1.504149087,0.184469531,0.223481438,0.147828566,0.407009074,0.759038638
P078,1.511987765,0.17542487,0.194767536,0.124702398,0.752498094,0.719803367
P079,1.482323813,0.133362685,0.234594026,0.155779295,0.668785063,0.64941893
P080,1.559030322,0.143601597,0.191669651,0.125382877,0.734938066,0.517206863
P081,1.432248371,0.166160933,0.220831798,0.156890277,0.532424753,0.782363924
P082,1.529225989,0.171348945,0.254878459,0.121004629,0.394137527,0.730499513
P083,1.549368765,0.133603127,0.270563967,0.122435621,0.562398263,0.774642243
P084,1.519562539,0.120711815,0.250478693,0.08653259,1.263529944,0.34277923
P085,1.492551605,0.178665657,0.138993955,0.159592344,0.438701791,0.887707777
P086,1.559612356,0.130562951,0.181756375,0.131354094,0.357751716,0.816052456
P087,1.268122962,0.138010656,0.168966075,0.135631365,0.977973602,0.627901095
P088,1.490324593,0.218652319,0.24811643,0.163254705,0.801107365,0.765349
P089,1.522906685,0.153424716,0.196415851,0.120854719,0.761041291,0.542469345
P090,1.437543044,0.201732962,0.156986681,0.139044093,0.695550018,0.597605907
P091,1.443870469,0.174162619,0.292874666,0.146509086,0.715078231,0.633726484
P092,1.612380302,0.10539885,0.243979664,0.095687563,0.62705321,0.677408969
P093,1.385684441,0.129607114,0.199365925,0.128700626,0.736320589,0.637144183
P094,1.2466336,0.189871372,0.17674185,0.194695797,0.526616727,0.660544931
P095,1.511932348,0.190563191,0.185781388,0.15316271,0.475570176,0.817849507
P096,1.559969983,0.065422986,0.210384208,0.155152588,0.799015186,0.872690855
P097,1.365613345,0.176252417,0.159864688,0.157372131,0.317594039,0.825364101
P098,1.332824915,0.157766143,0.161649909,0.157097774,0.550701972,0.569585497
P099,1.480023873,0.159788456,0.225442631,0.139666126,0.714611107,0.567985578
P100,1.581149384,0.176280266,0.291242948,0.120532402,0.755115144,0.621832965
P101,1.399227231,0.152218837,0.191705504,0.135272282,0.655920669,0.75892769
P102,1.605979861,0.079577833,0.34055619,0.127751212,0.888585924,0.357846232
P103,1.409166107,0.200208765,0.192706992,0.13838639,0.752890064,0.46937037
P104,1.531432562,0.182324576,0.167452949,0.144922178,0.799459519,0.942863014
P105,1.582770263,0.155235337,0.280611984,0.158670274,0.596856928,0.608111781
P106,1.479238292,0.19201994,0.199192569,0.181945969,0.53640942,0.697685279
P107,1.60488367,0.124985649,0.178731022,0.139491656,0.600663442,0.640053698
P108,1.523518865,0.175852955,0.219726562,0.144814272,0.736039394,0.667841225
P109,1.335062461,0.156827352,0.124179212,0.138841005,0.760849112,0.67870663
P110,1.425749669,0.208036491,0.172077064,0.187558327,0.467386826,0.65432341
P111,1.563575477,0.161526818,0.206261781,0.105932213,0.565533376,0.746571447
P112,1.378486249,0.210884647,0.212106104,0.168754684,0.720299009,0.647115057
P113,1.380964712,0.146621088,0.220889204,0.152413243,-0.018066626,0.922194112
P114,1.354405975,0.15258969,0.359496637,0.145359762,0.772506208,0.653047536
P115,1.658017161,0.125182252,0.232352961,0.096362946,0.839656803,0.531005899
P116,1.527074922,0.20051944,0.180652173,0.137408668,0.941912993,0.526990471
P117,1.456376843,0.203256206,0.24962235,0.172118535,0.629641772,0.655071768
P118,1.509382614,0.190698776,0.132962701,0.174637233,0.310619595,0.945922521
P119,1.417241097,0.164583394,0.225812844,0.132182509,0.622427427,0.588969317
P120,1.462340236,0.144464307,0.284774343,0.110048119,0.990723588,0.321878432
P121,1.53802325,0.178879634,0.211424532,0.142232324,0.685271951,0.792356141
P122,1.484367216,0.209415049,0.210619553,0.158494106,0.661871852,0.797743733
P123,1.492782506,0.158237039,0.218833182,0.146148728,1.145574253,0.578876105
P124,1.293279089,0.211174773,0.178687966,0.17381658,0.666731353,0.800040636
P125,1.529068417,0.200143565,0.217510523,0.157744437,0.55460563,0.883378935
P126,1.414686721,0.13697253,0.171338663,0.124542953,0.50406494,0.717662223
P127,1.424421666,0.137635119,0.179113509,0.134696717,0.399688908,0.644033806
P128,1.54880548,0.175919773,0.173168177,0.166468501,0.237233547,1.138009908
P129,1.441583253,0.212436554,0.200589925,0.176478833,0.40209183,1.000992547
P130,1.536934163,0.158712904,0.348826024,0.136230791,0.975810684,0.626307508
P131,1.390613652,0.191232977,0.158632519,0.143183869,0.976056863,0.610286678
P132,1.26297723,0.16496414,0.170272107,0.168218925,0.575755095,0.651314814
P133,1.516251334,0.162710605,0.183549549,0.1652171,0.428474907,0.883407647
P134,1.477758969,0.160895967,0.213104267,0.114606624,0.562468771,0.641740068
P135,1.574295317,0.172417545,0.201321352,0.124555776,0.943141065,0.667360651
P136,1.420007996,0.207032517,0.252512541,0.146145255,0.553029829,0.544507154
P137,1.438860314,0.183339634,0.166779829,0.168632915,0.412077464,1.021724558
P138,1.459571459,0.167247375,0.157100156,0.147641929,0.839655253,0.788832947
P139,1.318625781,0.188905185,0.212257368,0.157553415,0.798532084,0.640874714
P140,1.510473317,0.168972212,0.210860963,0.123783245,0.864554767,0.637638366
P141,1.428770737,0.189109704,0.183542647,0.167451538,0.611360238,0.717445509
P142,1.539326536,0.167576626,0.210373525,0.128337772,0.582785051,0.624907021
P143,1.478705128,0.130717727,0.204332128,0.153012774,0.336230774,0.699096253
P144,1.458394826,0.13887797,0.21406967,0.125583833,0.471762276,0.725360177
P145,1.411375947,0.154860714,0.198208607,0.127052135,1.031940306,0.633056282
P146,1.473801867,0.139247862,0.240402975,0.136890643,0.587848067,0.632277774
P147,1.537756632,0.171511733,0.174330087,0.153953602,0.548434749,0.924038795
P148,1.674972626,0.206297374,0.198696628,0.137919908,0.724878063,0.777464406
P149,1.434244291,0.164808254,0.261059009,0.157578103,0.903584043,0.676071914
P150,1.447271234,0.174604209,0.209957339,0.136112287,0.605833092,0.701911206
P151,1.410043797,0.161722386,0.161064884,0.138900857,0.495861471,0.903390318
P152,1.51109362,0.135159162,0.319541795,0.131436745,0.830834174,0.620829487
P153,1.424174894,0.159058873,0.187664213,0.137334149,0.400765384,0.687437291
P154,1.410528652,0.150094338,0.285372666,0.147697894,0.82201005,0.401762618
P155,1.542525765,0.168433473,0.224357874,0.121946975,0.864002229,0.51615978
P156,1.634837971,0.115919034,0.259667985,0.102780525,0.6123056,0.612082315
P157,1.571210227,0.164268611,0.183610211,0.13759942,0.883558066,0.624355479
P158,1.444042715,0.187810219,0.171656684,0.164215011,0.591015256,0.721595933
P159,1.593188515,0.18949034,0.166578238,0.147469443,0.924769854,0.715366002
P160,1.606700105,0.158492338,0.328329184,0.123701036,0.697079906,0.467071137
P161,1.493865375,0.152295085,0.21399189,0.13449274,0.536072113,0.845019683
P162,1.409633331,0.22298541,0.216976397,0.148466772,0.814090115,0.677686348
P163,1.352949048,0.152074799,0.179773435,0.127749901,0.421229656,0.657892189
P164,1.426805773,0.237949807,0.130238838,0.192659177,0.433846742,0.904897966
P165,1.610348286,0.168885181,0.154900564,0.123782229,0.684879171,0.713014072
P166,1.326029779,0.201468721,0.221931647,0.189022778,0.581562709,0.82005819
P167,1.449104965,0.180887071,0.167752003,0.151954209,0.495870169,0.721825382
P168,1.464352973,0.152204299,0.236252542,0.113928418,0.895235945,0.556727704
P169,1.255551906,0.136172566,0.226252146,0.167618285,0.267254895,0.843029316
P170,1.553807757,0.119201109,0.189434023,0.110626805,0.750160617,0.618187759
P171,1.524968771,0.184847541,0.270731683,0.122761958,0.677097869,0.753571781
P172,1.460617071,0.167382344,0.187788239,0.165508595,0.591617775,0.865472786
P173,1.581941518,0.167442835,0.236487413,0.128138898,0.712393166,0.767444582
P174,1.623503325,0.164430399,0.216269475,0.121113354,0.947441815,0.770925489
P175,1.62465769,0.197075885,0.21767259,0.139780397,1.31392224,0.571153845
P176,1.507365636,0.14271553,0.166231266,0.150897168,0.421799839,0.860216134
P177,1.374993074,0.155041992,0.22408787,0.150015392,0.482946363,0.917027054
P178,1.500656221,0.192986592,0.250285485,0.129277258,0.508860315,0.422943939
P179,1.240220335,0.230674813,0.155752097,0.166177311,0.985533874,0.752319214
P180,1.469620112,0.150870389,0.128698609,0.131717586,0.666150017,0.889841469
P181,1.3387881,0.209993918,0.197118293,0.158929933,0.400310546,0.827860846
P182,1.467212324,0.183439327,0.249801985,0.152744092,0.823913138,0.755733792
P183,1.520361844,0.147181917,0.186118429,0.142195595,0.829195478,0.809372171
P184,1.407333481,0.179036206,0.178186582,0.125791626,0.864596582,0.53479034
P185,1.628345755,0.139356295,0.259437998,0.129367511,0.491790253,0.583426433
P186,1.376853178,0.164150046,0.153588665,0.158492086,0.648901958,0.825060369
P187,1.453098895,0.201247603,0.228210233,0.15218109,0.598736657,0.780401462
P188,1.48712983,0.162785816,0.1941226,0.164069424,0.587891077,0.928109681
P189,1.515220677,0.160724826,0.204813854,0.144165649,0.592520467,0.718055678
P190,1.578794179,0.127136905,0.266582306,0.142922985,0.75293543,0.769742201
P191,1.449382561,0.1740843,0.19402408,0.139123454,0.590946776,0.74146709
P192,1.434867794,0.179066261,0.201245626,0.122887869,0.777334935,0.606586374
P193,1.485040537,0.142408555,0.190477362,0.111975107,0.951795482,0.677910804
P194,1.493128946,0.169803222,0.376192213,0.150666811,0.817532824,0.629585088
P195,1.523049267,0.181183117,0.171375185,0.126859335,0.508934164,0.645299428
P196,1.336962107,0.144428468,0.217351119,0.166268055,0.828360271,0.700368131
P197,1.435747727,0.15142361,0.168929344,0.141470683,0.40334372,0.821318021
P198,1.536278792,0.138778782,0.21446623,0.157257261,0.815179388,0.851300699
P199,1.570590087,0.197584743,0.16203798,0.143743382,0.676028842,0.936118089
P200,1.52896026,0.169280586,0.144114135,0.138202668,0.964687839,0.574520759
P201,1.355814652,0.206462138,0.199588473,0.134818372,0.627855892,0.597185217
P202,1.548915158,0.14884921,0.229782338,0.117758702,0.624147075,0.816243014
P203,1.583609899,0.145066687,0.263166846,0.143321967,0.563731066,0.880495487
P204,1.742928326,0.201472243,0.158322594,0.144255877,0.545845751,0.77979429
P205,1.511397458,0.186460238,0.163095414,0.142116335,0.484342921,0.780026064
P206,1.278486522,0.179378416,0.201124885,0.171593261,0.679376782,0.67302538
P207,1.637117984,0.126408381,0.329430016,0.102315886,0.736377221,0.459349278
P208,1.583331103,0.143482363,0.17833491,0.146793354,0.784786071,0.849069395
P209,1.371241482,0.168390965,0.160853465,0.122082089,0.576799003,0.654882483
P210,1.582936292,0.200202232,0.194447441,0.147140484,0.578116437,0.647924073
P211,1.547996842,0.15452601,0.218940278,0.136473998,0.703075817,0.81760561
P212,1.546006612,0.214711971,0.179209711,0.156198294,0.672848166,0.84715194
P213,1.605884819,0.179595147,0.1895317,0.14739978,0.950365121,0.808543017
P214,1.471978062,0.133422079,0.184105309,0.154831393,0.550828004,0.910501046
P215,1.58061723,0.145340033,0.254664047,0.10187887,0.917710042,0.616415742
P216,1.366192561,0.188070552,0.174023835,0.140075511,0.877582065,0.75335153
P217,1.504334883,0.203783223,0.18278951,0.131051458,0.945049687,0.306129125
P218,1.545206545,0.186270985,0.193179562,0.169502463,0.387865239,0.869456481
P219,1.721158471,0.135247781,0.192768783,0.123051269,1.242721616,0.745337759
P220,1.361791475,0.206346234,0.13327912,0.17264073,0.674453036,0.743811586
P221,1.573992037,0.118400918,0.195938357,0.111848425,1.053331045,0.41981326
P222,1.438556502,0.178575834,0.230151316,0.153961093,0.585193143,0.642817744
P223,1.393765782,0.197911043,0.170358774,0.138719473,0.507333063,0.708856454
P224,1.492939792,0.155854295,0.16041851,0.119812324,0.416241668,0.813376579
P225,1.428651231,0.194458236,0.18982054,0.146300182,0.728772578,0.560379988
P226,1.512152686,0.208226413,0.145239909,0.152324044,0.464431134,0.994185621
P227,1.631566466,0.107180576,0.185673544,0.12578103,0.747112978,0.587882553
P228,1.329750748,0.205879374,0.222339525,0.145257759,0.873702525,0.53050588
P229,1.38729968,0.177368936,0.172870138,0.138097096,0.822832732,0.67703348
P230,1.363902409,0.157214811,0.24385844,0.132403325,0.793681994,0.55246685
P231,1.530348221,0.189015867,0.133962741,0.186525681,0.752118962,0.986299418
P232,1.447417621,0.190348179,0.182350484,0.1454928,0.311556319,0.826967452
P233,1.529595474,0.143925909,0.206778626,0.126304892,0.756633567,0.770550074
P234,1.437230858,0.170785374,0.140221158,0.149602442,0.447181734,0.886112808
P235,1.33411933,0.193668479,0.175352372,0.140417208,0.756537317,0.820891984
P236,1.613411696,0.202705494,0.212840994,0.148500163,0.551356389,0.741473578
P237,1.535060169,0.140727522,0.307064772,0.161175665,0.598883619,0.690560093
P238,1.401911724,0.164004665,0.166110483,0.125903644,0.811354587,0.565846064
P239,1.429618942,0.192226845,0.250982313,0.157719891,0.477888248,0.781444224
P240,1.408310523,0.161896716,0.165455487,0.145295119,0.465529069,0.812729431
P241,1.544003651,0.180515497,0.174445198,0.136995909,0.320118211,1.014247044
P242,1.447447598,0.181929377,0.181952386,0.14756505,0.411437131,0.740226653
P243,1.516994076,0.190252116,0.175220466,0.138190457,0.827539221,0.726288963
P244,1.32436674,0.180981916,0.214683726,0.146836463,0.723614002,0.579142467
P245,1.402018134,0.171951722,0.274830282,0.145987551,0.684018444,0.801444096
P246,1.51149685,0.149591128,0.24275279,0.145902108,0.645369803,0.618688367
P247,1.561551179,0.143080743,0.304664644,0.130808625,0.922015266,0.451176338
P248,1.483761853,0.184467365,0.137319277,0.149978718,0.692124735,0.691655169
P249,1.495054935,0.153869313,0.202302284,0.145411239,0.441259662,0.632844168
P250,1.390947236,0.188009712,0.205941807,0.138775873,0.534733638,0.848166282
P251,1.560596331,0.169469044,0.170289193,0.135237038,0.724453502,0.658476471
P252,1.394581003,0.207949791,0.214007471,0.170115573,0.544961313,0.510271992
P253,1.433300879,0.190263308,0.222917475,0.140111236,0.698847279,0.72848215
P254,1.428311193,0.159573087,0.222798629,0.131750798,0.910792357,0.416613634
P255,1.391690335,0.193278106,0.234690096,0.15168475,0.505642741,0.927224736
P256,1.49987023,0.156202287,0.167731204,0.138818855,0.460857482,0.663371726
P257,1.514608949,0.168628412,0.261042747,0.147907234,0.755683441,0.706826756
P258,1.514962268,0.205906865,0.17821758,0.159630848,0.639769846,0.803558792
P259,1.478882146,0.158349203,0.186747825,0.13478457,0.239838174,0.800831069
P260,1.317720252,0.143593072,0.212994993,0.1282782,0.852687639,0.504826781
P261,1.472260002,0.116349843,0.298619174,0.114918708,0.668500068,0.492547743
P262,1.538986946,0.157099861,0.163464777,0.130855647,0.931239345,0.54179928
P263,1.329020925,0.205175226,0.180858053,0.155732606,0.649985505,0.744859869
P264,1.434701899,0.158963317,0.206425399,0.126476673,0.795827822,0.475764439
P265,1.458737925,0.210098928,0.216572666,0.139214671,0.556065388,0.671758333
P266,1.466831755,0.191086127,0.204576598,0.171991999,0.503092528,0.883085357
P267,1.629618025,0.161122935,0.195491432,0.133918932,1.208905018,0.55024809
P268,1.41040635,0.179788826,0.215275263,0.145903644,0.650203821,0.697085159
P269,1.396076299,0.162959893,0.188372544,0.151308053,0.457101891,0.77049051
P270,1.370587696,0.207077051,0.248288576,0.146507499,0.614151949,0.616085034
P271,1.278894304,0.147189884,0.212251844,0.14021316,1.005482296,0.476111171
P272,1.353485844,0.158115429,0.241827158,0.193906234,0.829646206,0.858740499
P273,1.419004195,0.132439354,0.231994074,0.127922366,0.677895513,0.594339902
P274,1.437495919,0.204155593,0.172048799,0.166695507,0.613057775,0.631434897
P275,1.627877601,0.219681523,0.23090211,0.135828765,0.648997166,0.750238615
P276,1.508115757,0.154496456,0.182084593,0.165432615,0.425026969,0.933408178
P277,1.612485775,0.170692634,0.184302056,0.128331661,0.510289598,0.713866127
P278,1.413575996,0.182641898,0.216341212,0.149976548,0.587324494,0.599676849
P279,1.476158548,0.15777682,0.222310551,0.1294866,0.453349773,0.76041452
P280,1.557937214,0.161195168,0.19640835,0.134618642,0.856374224,0.514564731
P281,1.642735306,0.149436916,0.227765705,0.104734187,0.882963891,0.39175321
P282,1.450185236,0.182168341,0.202638099,0.150633463,0.794883558,0.634166113
P283,1.56463982,0.208422259,0.213486172,0.133029056,0.647954905,0.797452643
P284,1.463925099,0.223808563,0.180067013,0.14988306,0.832392276,0.667455164
P285,1.554279695,0.17015133,0.300195415,0.145320127,0.364753631,0.701024849
P286,1.664897398,0.174227716,0.177430722,0.147392992,0.811101365,0.652922028
P287,1.525802534,0.17641321,0.19643952,0.13540465,0.741336729,0.515357822
P288,1.572227877,0.152794136,0.261222077,0.113032854,0.417089209,0.815499692
P289,1.518337605,0.184399413,0.141793545,0.131240411,0.853348679,0.560844602
P290,1.475895959,0.199852869,0.288499575,0.145009021,0.748112376,0.600996971
P291,1.570263391,0.179876487,0.214519121,0.15300263,0.414742594,0.738697233
P292,1.487621183,0.151671399,0.219241281,0.139919412,0.49447363,0.71348864
P293,1.510328116,0.166282167,0.266319559,0.131822389,1.02441414,0.525954136
P294,1.480756199,0.166681461,0.178420347,0.125410385,0.68768128,0.436119181
P295,1.472556653,0.173929035,0.210985818,0.149792089,0.642561818,0.783541283
P296,1.393221681,0.1864276,0.206516081,0.140833696,0.45636157,0.687827542
P297,1.587363607,0.198225459,0.209883717,0.140298705,0.764524666,0.780938426
P298,1.527396882,0.20397201,0.155775976,0.159707668,0.679290764,0.727739169
P299,1.467650445,0.114496292,0.183114464,0.146958401,0.417898002,0.804305921
P300,1.588112527,0.17749424,0.283244015,0.131832369,0.73639043,0.519143198
P301,1.506972728,0.197699159,0.200322487,0.134356781,0.638459519,0.703861069
P302,1.46729119,0.155532453,0.224152866,0.134132757,0.852290492,0.619902196
P303,1.555560278,0.094157797,0.218601774,0.113507289,0.725770379,0.628434773
P304,1.434427409,0.180309548,0.192059162,0.164047494,0.646152142,0.678425099
P305,1.490626767,0.192127688,0.154299182,0.176543499,0.662899791,1.012554263
P306,1.24396728,0.15830317,0.140700016,0.144481887,0.490216013,0.504517769
P307,1.604692629,0.199628416,0.195823149,0.13284138,0.939561312,0.709732137
P308,1.45551764,0.177302444,0.266974911,0.131399124,0.680113449,0.70052576
P309,1.514180364,0.187619803,0.189811926,0.159458714,0.483751295,0.835960639
P310,1.338994512,0.189242864,0.205733676,0.187779,0.385326349,1.031604833
P311,1.474822394,0.185113012,0.189147585,0.14312449,0.403161404,0.878776136
P312,1.44507389,0.194978795,0.2298961,0.161179487,0.800655741,0.620152098
P313,1.518246056,0.175165987,0.169984838,0.13640489,0.86654387,0.881136879
P314,1.573691998,0.166818087,0.252671422,0.128204192,0.805647796,0.578521261
P315,1.555648876,0.134106419,0.264513113,0.110363725,0.742015859,0.680737923
P316,1.426760177,0.186199158,0.167551404,0.16189173,0.611995581,0.784198675
P317,1.493032593,0.177417687,0.190939159,0.137544692,1.01476804,0.578347844
P318,1.420747886,0.176142389,0.16205966,0.134416092,0.646575277,0.629407211
P319,1.433280123,0.173584021,0.210027867,0.161830551,0.533824215,0.928620187
P320,1.536356474,0.143860688,0.25970677,0.123392771,0.862757748,0.46317216
P321,1.441673152,0.168500773,0.22056978,0.149908723,0.865765359,0.694158883
P322,1.520939853,0.16400307,0.154298347,0.125899398,0.705065369,0.478626896
P323,1.474218697,0.197116011,0.223503404,0.156562397,0.632512288,0.551141158
P324,1.368465266,0.159308191,0.211344389,0.128902949,0.56063692,0.733851323
P325,1.464057728,0.200217099,0.207281655,0.129513938,0.835575049,0.589175697
P326,1.472462045,0.164122951,0.164651756,0.14609714,0.92621523,0.558071388
P327,1.441442605,0.161086915,0.199799387,0.150510782,0.452531617,0.821586926
P328,1.388618991,0.16392244,0.176708941,0.177738079,0.215990393,0.922760004
P329,1.646338789,0.174168498,0.312399525,0.128954595,0.676262154,0.741038822
P330,1.53812385,0.162708757,0.202576936,0.128790755,0.710598064,0.684218915
P331,1.350857356,0.192299363,0.172752547,0.131669889,1.029666246,0.417519637
P332,1.397716507,0.182715345,0.19199645,0.141556525,0.592161925,0.769471222
P333,1.36560342,0.204314316,0.181715525,0.156270779,0.687033356,0.542705199
P334,1.451610201,0.202133079,0.179105622,0.137800873,0.59116368,0.69700941
P335,1.343798773,0.204144762,0.155233392,0.144904668,0.67200798,0.774942
P336,1.499859712,0.088196847,0.309176235,0.145299517,0.546199773,0.824432694
P337,1.422626152,0.203551621,0.225680391,0.144362427,1.087497958,0.546146035
P338,1.536446066,0.19222279,0.146705945,0.161998942,0.55379649,0.538958219
P339,1.479719162,0.133845272,0.176525648,0.145097991,0.257802223,0.946981814
P340,1.401364638,0.199243894,0.20484505,0.144558505,0.659033349,0.58987563
P341,1.572332139,0.131010366,0.177450138,0.122475122,0.308691529,0.921544061
P342,1.73012815,0.181818035,0.178520848,0.136709703,0.701726456,0.813701601
P343,1.567909838,0.18859638,0.16136071,0.139681326,0.691119976,0.666176929
P344,1.423664689,0.181135163,0.216249035,0.177086752,0.344663772,0.814936902
P345,1.482466019,0.137864336,0.174848977,0.161908985,0.767116339,0.899114925
P346,1.599148313,0.123868501,0.195958237,0.104071343,0.91862032,0.526874369
P347,1.494014439,0.183190545,0.272047529,0.191927804,0.271991846,0.93892086
P348,1.406169259,0.143363209,0.176183907,0.147201506,0.839765484,0.503292533
P349,1.264186829,0.173070185,0.194700083,0.189946382,0.604141212,0.703999014
P350,1.467571169,0.178126135,0.209053383,0.139949249,0.736482501,0.671039934
P351,1.588622282,0.165065534,0.163292633,0.121631159,0.980289503,0.529726164
P352,1.67361495,0.095384633,0.223452309,0.098395181,0.761671878,0.613340066
P353,1.505954041,0.149475214,0.218600543,0.10646855,0.901178774,0.637445859
P354,1.337740255,0.163816709,0.252180069,0.149738103,0.576507571,0.875541651
P355,1.484096988,0.162381535,0.207997406,0.143109547,0.652909175,0.784061732
P356,1.630928228,0.142049527,0.197317785,0.167123216,0.337723637,1.154286634
P357,1.384517593,0.14876252,0.185684433,0.133352983,0.581386574,0.650474753
P358,1.469903891,0.168049629,0.178671679,0.15188946,0.7313383,0.72272472
P359,1.473882712,0.191305648,0.188244429,0.160844937,0.939787786,0.589334385
P360,1.424549081,0.137265548,0.16253846,0.127991165,0.539911964,0.813132701
P361,1.516841521,0.115168141,0.221544489,0.139696577,0.796810324,0.830899657
P362,1.461867878,0.163624417,0.175725215,0.132045848,0.678197318,0.595360198
P363,1.441211501,0.183066804,0.133473197,0.136457335,0.794946839,0.697623745
P364,1.585220766,0.196609115,0.172252918,0.148711436,0.743857162,0.7224325
P365,1.418160177,0.195540041,0.201883548,0.188319823,0.263563604,0.957245231
P366,1.691122833,0.18313956,0.194206079,0.144768414,0.620985437,1.147534319
P367,1.551685891,0.136336196,0.214186285,0.136144051,1.013948485,0.679346935
P368,1.499484214,0.148578596,0.217802068,0.137479598,0.311892437,0.844776356
P369,1.533752913,0.137982144,0.189346795,0.138331008,0.84829991,0.578703027
P370,1.469632258,0.163343462,0.219625117,0.128308565,0.843160217,0.699900004
P371,1.460183847,0.174072973,0.249848204,0.175664667,1.091271572,0.752859356
P372,1.413133747,0.123075584,0.429728589,0.143801184,0.687078002,0.488329755
P373,1.50477796,0.201212121,0.194824519,0.143003658,0.333495343,0.704273664
P374,1.468202298,0.178049328,0.213768031,0.132720721,0.76250131,0.650229221
P375,1.464080891,0.207163124,0.266903262,0.164694248,0.581752128,0.848991703
P376,1.510420075,0.184673336,0.216588748,0.1404472,0.466998122,0.753732827
P377,1.574946081,0.188943275,0.202974837,0.167806451,0.465747739,0.840456106
P378,1.495987069,0.162427748,0.247395966,0.170437161,0.583981936,0.753644308
P379,1.39365334,0.19674917,0.191326257,0.180894492,0.349423902,0.899121251
P380,1.486819569,0.159795213,0.184738713,0.129694448,0.745228583,0.649011803
P381,1.50968612,0.150761544,0.187916089,0.118885743,1.053678538,0.408458453
P382,1.317448085,0.175481805,0.1936047,0.128437547,0.68290976,0.396989723
P383,1.368072612,0.146350825,0.212456044,0.14780242,0.134534852,0.795002827
P384,1.525974884,0.213622118,0.171454413,0.160623017,0.761202206,0.7322919
P385,1.484199317,0.172340657,0.219221662,0.135796663,0.902584368,0.588981928
P386,1.612381395,0.121599072,0.170153206,0.108308183,0.658689783,0.713140047
P387,1.365307541,0.145013405,0.171984342,0.175788654,0.547358455,0.993180625
P388,1.423729458,0.16788908,0.197590172,0.149470734,0.533354926,0.687850623
P389,1.613336648,0.076650279,0.24486763,0.090609374,0.652648059,0.611876708
P390,1.509734251,0.197911088,0.194919528,0.172378135,0.786112315,0.788688938
P391,1.425412859,0.19504265,0.163408816,0.132839719,0.945224681,0.495318218
P392,1.502803542,0.193766375,0.166276423,0.144285863,0.716296948,0.734044391
P393,1.4497675,0.203865967,0.248834487,0.145602642,0.813459106,0.547462096
P394,1.555016557,0.17613362,0.178179777,0.134518008,1.099044304,0.586382545
P395,1.552165346,0.119860873,0.272340699,0.130965989,0.860414802,0.595617704
P396,1.404593096,0.214467052,0.236509317,0.155001277,0.683350189,0.647719518
P397,1.448991699,0.208040021,0.16081063,0.170310356,0.527221695,0.90527676
P398,1.558485833,0.102089439,0.189792322,0.109025018,0.540303721,0.606519232
P399,1.603654453,0.175564417,0.246168568,0.12108776,0.752129116,0.515879667
P400,1.53434209,0.156788159,0.166279933,0.133219414,0.555875911,0.638199658
P401,1.462830145,0.162400413,0.221119609,0.157503239,0.196503966,0.954346033
P402,1.399697407,0.159489422,0.145938797,0.144857507,0.752723849,0.883639309
P403,1.491156747,0.188856505,0.210921311,0.152612935,1.204327206,0.463476107
P404,1.393953362,0.223333518,0.211513857,0.17585919,0.15478628,1.013191959
P405,1.489095653,0.173372714,0.222617239,0.158284648,0.691859284,0.821498646
P406,1.422299483,0.18250571,0.224244351,0.130133853,0.510642932,0.444539754
P407,1.400679499,0.162325762,0.137815521,0.140478532,0.684605044,0.672219585
P408,1.488798807,0.153361219,0.248715983,0.159803251,0.728759619,0.87641059
P409,1.560179546,0.16612759,0.213269628,0.140969885,0.611002899,0.698627738
P410,1.542712246,0.169364895,0.189823161,0.157698275,0.418875324,0.890918593
P411,1.60152381,0.171843822,0.195645529,0.157439224,0.940880685,0.79617519
P412,1.476798471,0.193006384,0.193529315,0.164907519,0.719157749,0.788256744
P413,1.47647357,0.19640571,0.189574943,0.13048969,0.537693556,0.686874025
P414,1.298817629,0.19199282,0.23073302,0.150435192,0.765765844,0.353351444
P415,1.388079531,0.173734852,0.213249338,0.198665146,0.395386567,0.871080493
P416,1.426619238,0.157915487,0.153271257,0.175177917,0.335770142,1.115495956
P417,1.238286929,0.188618144,0.203058863,0.194848737,0.925183335,0.529613352
P418,1.457921926,0.199938411,0.227333675,0.160209206,0.492183837,0.821070667
P419,1.51840006,0.177646923,0.201056047,0.135682964,0.756609094,0.483881745
P420,1.459833889,0.137013495,0.205520228,0.128256633,0.645640855,0.617619323
P421,1.479875813,0.185929074,0.228298203,0.139153474,1.022753661,0.476663409
P422,1.536012224,0.129911167,0.351985656,0.122525439,1.006209439,0.607435619
P423,1.370334394,0.163745252,0.190514339,0.131634485,0.871835054,0.596351204
P424,1.562822445,0.180142136,0.152711019,0.134779864,0.750494754,0.572334775
P425,1.35757654,0.165205818,0.253141493,0.153233541,0.500028187,0.856994391
P426,1.434225239,0.195782364,0.183487881,0.137208309,0.779789974,0.662039798
P427,1.468129655,0.181864256,0.283383606,0.117911293,0.3588771,0.630757503
P428,1.503409976,0.199561313,0.269004852,0.159488654,0.761707246,0.806237069
P429,1.559888234,0.154682792,0.233080553,0.13252438,0.330212003,1.013463969
P430,1.466172446,0.162671746,0.207618324,0.178608069,0.448570534,0.959966616
P431,1.603817301,0.190742261,0.168775641,0.136469653,0.791955468,0.810475773
P432,1.358940266,0.166578033,0.224909236,0.134152152,0.766369274,0.502638263
P433,1.515943229,0.146737846,0.245750015,0.126045376,0.518866582,0.683567359
P434,1.645403924,0.129638889,0.321707261,0.116639614,0.743745962,0.688419406
P435,1.387916465,0.145583376,0.152842975,0.167007975,0.431713343,0.936193256
P436,1.503103345,0.180019862,0.15998009,0.148142054,0.700404021,0.907497268
P437,1.277157621,0.178179378,0.166968219,0.154491986,0.652135525,0.566736545
P438,1.500506403,0.206247877,0.256894493,0.163420356,0.446138112,0.811932692
P439,1.431727142,0.152238319,0.199431035,0.149597313,0.570713179,0.7401081
P440,1.512584816,0.174786966,0.182789946,0.13020082,1.125555719,0.617885115
P441,1.555582317,0.19011862,0.177328855,0.133077527,0.671537474,0.820191926
P442,1.514827417,0.182439664,0.20930618,0.127708321,0.608045945,0.566004837
P443,1.477080056,0.215433174,0.179165577,0.158936293,0.839519221,0.879199238
P444,1.479459777,0.180133999,0.182106188,0.124370105,0.997737879,0.469802164
P445,1.525637568,0.159935241,0.17407041,0.125191419,0.623489889,0.530048692
P446,1.371563299,0.17526988,0.226044041,0.182388593,0.609967423,0.733454909
P447,1.452041114,0.176283217,0.174775919,0.116165922,1.030742826,0.499697722
P448,1.395814658,0.175103653,0.194731026,0.164948298,0.399108888,1.008425954
P449,1.452990631,0.215431997,0.2353504,0.140961584,0.863919746,0.406575717
P450,1.497914744,0.192199658,0.163106344,0.137819028,0.397652958,0.811624391
P451,1.363276149,0.158992663,0.215107299,0.1631682,0.527690698,0.629211995
P452,1.552586622,0.203975861,0.204852901,0.168799918,0.625550058,0.832071989
P453,1.514217255,0.164947134,0.212316815,0.126027422,0.901559365,0.618341904
P454,1.544460532,0.164181122,0.169148911,0.140422238,1.015827434,0.686412047
P455,1.621757003,0.157550708,0.218482302,0.126074222,0.342118608,0.870566036
P456,1.535365616,0.168464752,0.18484345,0.147941793,0.669390136,0.742597718
P457,1.478433388,0.178778886,0.192355039,0.126141231,0.612735911,0.698335851
P458,1.319996378,0.172250449,0.189625008,0.200649587,0.325692272,0.723650379
P459,1.41076606,0.194878341,0.21963484,0.143356113,0.898910806,0.663708203
P460,1.530876826,0.188352499,0.284911368,0.139300109,0.804672721,0.675931101
P461,1.518538942,0.201448053,0.158712711,0.138459799,0.674234742,0.71208322
P462,1.507664974,0.152532705,0.233593278,0.127905289,0.533278717,0.631779316
P463,1.51056977,0.169072699,0.168331538,0.15423844,0.52453189,0.889580529
P464,1.49316633,0.210589835,0.20064163,0.167841746,0.575682623,0.882041856
P465,1.514942517,0.188404714,0.258051075,0.132953174,0.264881808,0.834520829
P466,1.314476283,0.160143986,0.183632012,0.14020469,0.303234833,0.741674566
P467,1.4475301,0.174256206,0.257143118,0.128467181,0.647249292,0.57604606
P468,1.509064529,0.199696219,0.205165603,0.137233055,0.730973569,0.737253115
P469,1.527186055,0.21548767,0.188999471,0.15246982,0.637428901,1.021859608
P470,1.529463239,0.205635408,0.308741195,0.14899611,0.575064942,0.718466491
P471,1.474632503,0.192796813,0.21078569,0.128239777,1.015652101,0.418353418
P472,1.387178584,0.177425512,0.288159145,0.154650147,0.5007325,0.807920197
P473,1.385007308,0.20982903,0.172112738,0.159582351,0.54674928,0.861710445
P474,1.381740566,0.20998475,0.193094558,0.168181978,0.760990238,0.544994882
P475,1.296772817,0.160883948,0.332137132,0.140625623,0.77950306,0.617133008
P476,1.472021432,0.184460129,0.255876549,0.154422507,0.783236347,0.671092873
P477,1.682896703,0.151608642,0.197436258,0.125722239,0.579665988,0.737438043
P478,1.478078355,0.088749529,0.239219787,0.104415792,0.818035265,0.45172124
P479,1.417513149,0.228006636,0.196088136,0.160539134,0.504129847,0.742669535
P480,1.714648999,0.144334636,0.22598062,0.123213676,0.851890932,0.880081157
P481,1.46566043,0.180603865,0.177326095,0.155880461,0.326152095,0.817107526
P482,1.491225567,0.177763762,0.194028731,0.122702618,0.869087068,0.674848758
P483,1.629809269,0.153997336,0.153719957,0.129516108,0.797956322,0.80176701
P484,1.528345122,0.151567276,0.260438297,0.134372153,0.953565931,0.32491668
P485,1.424108515,0.149675224,0.198723888,0.145082687,0.480572592,0.696220361
P486,1.468569234,0.217499849,0.192518678,0.143191119,0.842862794,0.406311698
P487,1.527848008,0.159114588,0.225493185,0.122822313,0.957254841,0.537601536
P488,1.493727661,0.173611538,0.168316578,0.121098024,0.789809606,0.620554878
P489,1.671148801,0.204183054,0.148308795,0.144942913,0.797098054,0.679921585
P490,1.543358116,0.178833082,0.203048285,0.134772981,0.66254671,0.831780546
P491,1.311665265,0.198916856,0.156634546,0.178826731,0.830401998,0.885995172
P492,1.559844832,0.187245398,0.189305314,0.138924101,0.764789793,0.6974902
P493,1.566476525,0.169196428,0.214727948,0.147877191,0.591387696,0.751316471
P494,1.270590505,0.174895277,0.161584819,0.142919337,0.741753025,0.693724308
P495,1.486018762,0.135628252,0.173508197,0.154158622,0.464577259,0.837837045
P496,1.34524515,0.164204342,0.270190969,0.155019454,0.547057859,0.604975448
P497,1.514586673,0.167649789,0.187240327,0.1483209,0.412760289,0.683213676
P498,1.507672543,0.198688955,0.301686336,0.164328155,0.484126182,0.665996664
P499,1.446425896,0.19246107,0.180699388,0.156495523,0.520860323,0.713551596
P500,1.458134099,0.141002735,0.196068862,0.137153409,0.521717562,0.78447708
P501,1.541506499,0.188682662,0.230978782,0.129378835,0.856480854,0.494426292
P502,1.413057361,0.140357518,0.241220117,0.141977085,0.935163952,0.707033806
P503,1.47026407,0.146309895,0.190407871,0.136814782,0.674846553,0.539003774
P504,1.52285357,0.201186256,0.170538315,0.165620977,0.517418161,0.859604834
P505,1.328766425,0.219216556,0.192325518,0.170657542,0.952685035,0.634147381
P506,1.451164064,0.163238908,0.214162597,0.135941572,0.879095315,0.47093315
P507,1.475810994,0.176377165,0.171296128,0.136950857,0.850503873,0.8319046
P508,1.337200845,0.209381626,0.208286549,0.171196142,0.715435711,0.590654112
P509,1.406238313,0.141289627,0.254723487,0.149568321,0.749639331,0.542842406
P510,1.54797365,0.155508191,0.230242401,0.121653958,1.286605936,0.47498789
P511,1.53454823,0.121586184,0.217542293,0.116338075,0.75977162,0.621240442
P512,1.616342605,0.197038806,0.173750063,0.144292557,0.485476569,0.630742664
P513,1.265606612,0.215460628,0.185870326,0.156577703,0.784854153,0.603390194
P514,1.690690968,0.172196068,0.174925298,0.112315752,0.8108038,0.689984918
P515,1.514593474,0.121573595,0.21931004,0.14652996,0.48411805,0.950104197
P516,1.382130727,0.210706647,0.239774624,0.149986866,0.683236207,0.630597752
P517,1.615614251,0.182020203,0.205564273,0.157505437,0.64407131,0.955541685
P518,1.496345027,0.096263824,0.256774259,0.139215812,0.344749716,0.866705347
P519,1.524681208,0.121018507,0.281778975,0.14017359,0.9068598,0.539946361
P520,1.50918834,0.185278136,0.211559592,0.170378347,0.657910788,0.725504334
P521,1.509277242,0.173023211,0.164402121,0.126085067,0.851179691,0.548544255
P522,1.278417256,0.227268127,0.217461074,0.187299129,0.697263354,0.614896905
P523,1.556454134,0.150822288,0.220409596,0.113984663,0.77828967,0.581340193
P524,1.509009322,0.15232169,0.25362125,0.143047319,0.933970628,0.608560852
P525,1.410369328,0.159675901,0.155503482,0.126332262,0.688683416,0.50662756
P526,1.516537907,0.224291785,0.138347853,0.153212459,0.60492189,0.60726213
P527,1.495584414,0.163559111,0.199292331,0.170406511,0.52671159,0.868749187
P528,1.340381776,0.146374617,0.174488365,0.201512591,0.246139254,0.904170288
P529,1.538559916,0.130358725,0.190298667,0.118595634,0.81347393,0.544239653
P530,1.394645435,0.191289737,0.241342652,0.124170503,0.755871242,0.541208282
P531,1.437176196,0.185437544,0.151934047,0.150055196,0.705742216,0.811719109
P532,1.377310835,0.192996429,0.174197393,0.179610775,0.650186008,0.721815383
P533,1.506410568,0.168463761,0.158610924,0.124180338,1.13027241,0.626208805
P534,1.663080707,0.181095447,0.233682799,0.118977637,1.067400986,0.645153133
P535,1.450242443,0.182339652,0.173459512,0.166276164,0.491106962,0.766862697
P536,1.505767433,0.170039159,0.172449206,0.144819166,0.663693657,0.692576711
P537,1.390831947,0.17178324,0.156045099,0.129772616,0.700910836,0.624152007
P538,1.557781099,0.205268759,0.199390265,0.146080384,0.542458646,0.709218188
P539,1.583489039,0.147234594,0.262915688,0.129831172,1.080921833,0.629224959
P540,1.406923421,0.192106696,0.178249085,0.130685471,0.753328002,0.671060022
P541,1.567023046,0.185494675,0.237374376,0.119981802,1.087832065,0.521761284
P542,1.489456883,0.182414626,0.181386702,0.150636104,0.462277824,0.614634375
P543,1.359903142,0.165048278,0.229503184,0.124398373,0.990078981,0.420491545
P544,1.326147121,0.224515033,0.185509757,0.181867504,0.164745027,0.77347542
P545,1.451489003,0.178520802,0.199932242,0.133872813,0.54671324,0.719478963
P546,1.400516942,0.178762809,0.160474831,0.156535259,0.661396774,0.641778002
P547,1.674338352,0.179874126,0.231587037,0.140016602,1.148656302,0.735644914
P548,1.540477908,0.163193912,0.251868249,0.110511013,1.10395135,0.487624584
P549,1.456967369,0.153679998,0.166984382,0.159689204,0.716780893,0.842591898
P550,1.37651577,0.135710265,0.151168298,0.117964339,0.547146551,0.681831082
P551,1.419381582,0.204133969,0.218013053,0.148114585,0.515953204,0.722295365
P552,1.30773977,0.194336599,0.153835928,0.168635013,0.440276013,0.661731389
P553,1.428345966,0.104343265,0.342776921,0.107128285,0.870554249,0.579236531
P554,1.398677905,0.135501899,0.197010716,0.143294155,0.942780175,0.549423588
P555,1.500499374,0.126507146,0.225266188,0.110328039,0.576173647,0.626514814
P556,1.510501103,0.179893995,0.231066633,0.155348322,0.927074467,0.743130629
P557,1.472796027,0.16809082,0.19459771,0.132192597,0.933623116,0.556222084
P558,1.57564098,0.132104392,0.225465219,0.14393953,0.629972165,0.82279229
P559,1.576984254,0.116884924,0.20396603,0.108993843,0.827198015,0.336401666
P560,1.534705015,0.128221252,0.182488819,0.115097011,0.930463666,0.319036215
P561,1.305847351,0.1321045,0.188808823,0.117173133,0.840242858,0.375799435
P562,1.691321518,0.172589844,0.186444656,0.133878605,0.821774233,0.866235402
P563,1.46853304,0.07151124,0.338227643,0.147941579,1.037457618,0.685209768
P564,1.513198057,0.206549412,0.205477492,0.129724135,0.975352077,0.692785031
P565,1.501280491,0.182756966,0.249446899,0.128553745,1.051629385,0.365676329
P566,1.50454665,0.211713669,0.205644589,0.140797287,0.60681104,0.652602236
P567,1.432854779,0.194009068,0.222442204,0.129271523,0.956193664,0.602582072
P568,1.457123106,0.172852371,0.224568059,0.132459425,0.967092094,0.683699978
P569,1.625009229,0.187283209,0.183443289,0.144177279,0.870598261,0.724215884
P570,1.48971119,0.10012653,0.177950267,0.105083868,0.562996422,0.630741722
P571,1.500193901,0.179656301,0.185640863,0.123230878,0.718482509,0.519422169
P572,1.651974379,0.160369395,0.203859556,0.115662128,0.88845894,0.671589536
P573,1.515367283,0.183498067,0.188463817,0.136492581,0.696725832,0.792209958
P574,1.421008322,0.209107083,0.185854276,0.146582582,0.676688949,0.542971809
P575,1.311474171,0.227603383,0.228442561,0.166358868,0.409753305,0.789582415
P576,1.531908543,0.173313889,0.175365365,0.133892233,0.957038987,0.795515076
P577,1.464953598,0.169874933,0.152386647,0.144357869,0.832502188,0.746615105
P578,1.378135345,0.155489244,0.297854746,0.138271166,0.38924929,0.655943039
P579,1.35971821,0.176885908,0.186416252,0.150939065,0.819351747,0.649951821
P580,1.56646421,0.161484686,0.212886677,0.12758362,0.863009472,0.646365165
P581,1.573597084,0.188335866,0.191174591,0.150592305,0.676130764,0.839892329
P582,1.518609793,0.109754999,0.253179003,0.131659412,0.750230316,0.565007272
P583,1.495252638,0.139961043,0.195119051,0.135820772,0.887130286,0.611967696
P584,1.450912776,0.194551446,0.179558225,0.134671942,0.428240676,0.625041315
P585,1.435553595,0.180650824,0.202602306,0.157915902,0.873431148,0.584029162
P586,1.475813255,0.193470081,0.186565945,0.142113945,1.009817916,0.688659979
P587,1.469922922,0.101814608,0.229936973,0.17583591,0.414071259,0.655351473
P588,1.516933776,0.180057713,0.292221052,0.14194115,0.713958669,0.467539864
P589,1.38025653,0.175987352,0.17588968,0.14809216,0.471796968,0.898197862
P590,1.438830573,0.117110698,0.271679484,0.169637619,0.580970009,0.780442916
P591,1.382345152,0.179723994,0.21545945,0.13254217,0.725747938,0.613795791
P592,1.448762958,0.176090262,0.240319139,0.148333217,0.606093892,0.657075185
P593,1.534447127,0.195683467,0.204986334,0.181865406,0.634371804,0.94489518
P594,1.440073532,0.16118156,0.20971534,0.155129599,0.938161386,0.79682334
P595,1.428187164,0.198893641,0.233011332,0.147976362,0.896783337,0.641472659
P596,1.39276665,0.147485725,0.20503113,0.124460411,0.397708531,0.654724839
P597,1.517557727,0.170591159,0.21446287,0.136320625,1.042305435,0.575245882
P598,1.438654415,0.187041505,0.189912944,0.144877193,0.228064866,1.011735425
P599,1.534794643,0.207861129,0.209285969,0.158036181,0.342468458,0.921305539
P600,1.5209266,0.206988108,0.19224201,0.189916435,0.070245025,0.930973228
P601,1.463106748,0.156104076,0.187313181,0.108643229,0.523495579,0.710794403
P602,1.456382251,0.170615028,0.139869223,0.126269217,0.674232564,0.653153013
P603,1.406968566,0.169212386,0.285999156,0.157494723,0.895041387,0.696421058
P604,1.510726141,0.124719296,0.324038092,0.1355005,0.948754317,0.709599658
P605,1.563572959,0.192509206,0.291786028,0.137344958,0.651444942,0.557139344
P606,1.427277756,0.223788228,0.206387989,0.188346337,0.502531212,1.054987125
P607,1.409058622,0.197438893,0.201689318,0.128247421,0.897492743,0.526069742
P608,1.474388535,0.140405362,0.224320022,0.110258417,0.573452831,0.834927412
P609,1.50917342,0.208527103,0.170124532,0.142764252,0.635804955,0.704015572
P610,1.48330703,0.205296272,0.221242713,0.163504251,0.488946907,0.913975667
P611,1.346514473,0.219614034,0.264310057,0.152895821,0.685617701,0.479254416
P612,1.522517046,0.184872548,0.193382595,0.143531543,0.591834769,0.876471744
P613,1.524874379,0.160299551,0.191908734,0.135336072,1.031164325,0.696487197
P614,1.469917802,0.155268357,0.255696969,0.126693092,0.689142181,0.634578462
P615,1.594662631,0.168035296,0.227880138,0.135177906,0.77921212,0.619211598
P616,1.461735933,0.190283582,0.150675609,0.144254374,0.62237244,0.863401955
P617,1.499500566,0.184550126,0.148868359,0.133360206,0.392801621,0.704384748
P618,1.542201423,0.189912266,0.294628461,0.135727412,0.654396579,0.762556706
P619,1.432389116,0.191008377,0.197037031,0.160814013,0.40740207,0.80805142
P620,1.46206976,0.199339406,0.136710013,0.170353496,0.549784735,0.974833987
P621,1.52567198,0.14470077,0.24924208,0.138577366,0.888997593,0.458929319
P622,1.366542319,0.186431727,0.208707162,0.169864407,0.661483157,0.857967041
P623,1.452159681,0.124632853,0.250076772,0.161339274,0.428270222,0.809453987
P624,1.616175551,0.153404798,0.161150706,0.116391104,0.974111612,0.668667913
P625,1.409435614,0.136131791,0.164068603,0.157517585,0.706233187,0.531694389
P626,1.549297374,0.182141092,0.160341293,0.122102525,0.769031276,0.742247561
P627,1.549250338,0.158812026,0.174551732,0.127109894,1.079968568,0.663874838
P628,1.670005651,0.160133769,0.189351295,0.103885554,0.545758183,0.657375449
P629,1.546589791,0.203867043,0.191815727,0.133925125,0.843319725,0.592286409
P630,1.327031485,0.194338329,0.223631285,0.176854259,0.656522105,0.898423849
P631,1.334400009,0.185395921,0.201348252,0.169530373,0.494722621,0.731957353
P632,1.603825223,0.196993073,0.192854095,0.141906404,0.93364231,0.641238233
P633,1.553138163,0.153639269,0.335417938,0.125033694,0.60764762,0.498247811
P634,1.44921032,0.181101854,0.218164225,0.137832375,0.863962599,0.678901414
P635,1.467828329,0.175108428,0.246279455,0.143824224,0.622096381,0.430697617
P636,1.389834842,0.150798589,0.187078447,0.142135632,0.671619731,0.627124469
P637,1.472506914,0.160037108,0.166585205,0.146393122,0.653783335,0.559892712
P638,1.459103373,0.189219548,0.186680492,0.154180718,0.572374184,0.749080072
P639,1.420479355,0.168931763,0.247030785,0.141456171,0.566288215,0.783251396
P640,1.337733058,0.200497126,0.171318631,0.174066386,0.403478988,0.819427116
P641,1.352278748,0.165490166,0.194119744,0.176518288,0.96201558,0.512896671
P642,1.40209473,0.140970511,0.167184977,0.167870009,0.59457445,0.681778001
P643,1.405522888,0.177264772,0.171910476,0.113697128,0.955764443,0.415838069
P644,1.430670153,0.185852154,0.210696085,0.180808678,0.468746345,1.122721737
P645,1.298733731,0.215717691,0.169525626,0.16528293,0.635879925,0.827298047
P646,1.521685368,0.182062895,0.19990709,0.140431009,0.726817955,0.782174969
P647,1.307362329,0.167610739,0.163424826,0.132191329,0.965350325,0.650476585
P648,1.453349038,0.196681589,0.1892101,0.124771745,0.796209822,0.712604535
P649,1.460756846,0.19205894,0.164405798,0.149140679,0.647959201,0.949873928
P650,1.547178835,0.097825308,0.220049378,0.128297987,1.019946607,0.540302356
P651,1.560317208,0.181871029,0.313803891,0.116325294,0.835046185,0.291429122
P652,1.447805855,0.17048661,0.171000952,0.156487438,1.175707507,0.385817645
P653,1.218808763,0.155266263,0.170553955,0.191663265,0.965469377,0.499057054
P654,1.456572566,0.18774764,0.197370732,0.137553655,0.918870254,0.496782928
P655,1.524884217,0.141796022,0.239702675,0.171578482,0.315725932,0.854449368
P656,1.458162954,0.18717234,0.192808504,0.159817268,0.779000597,0.577772277
P657,1.472276264,0.193781812,0.189934773,0.129050543,0.695181675,0.603982193
P658,1.472192774,0.190972723,0.199449066,0.150221711,0.190545018,0.962597774
P659,1.467981714,0.12480195,0.1882896,0.134074652,0.676488018,0.781943018
P660,1.472992032,0.123160052,0.248434949,0.140368986,0.47584167,0.82097458
P661,1.584258581,0.128065892,0.188028078,0.128843511,0.839872412,0.716988193
P662,1.639949004,0.120788054,0.190608777,0.116029432,1.055699074,0.847868155
P663,1.630830585,0.132375497,0.199418249,0.125720339,0.807534717,0.898749999
P664,1.404453764,0.190544436,0.175503177,0.138389574,0.570044323,0.673718586
P665,1.497798001,0.19449263,0.204288683,0.155805383,0.771716865,0.808554045
P666,1.475783849,0.167452647,0.198203975,0.159592971,0.52909422,1.013122259
P667,1.536294394,0.146178968,0.189007879,0.121652894,0.750944804,0.50781811
P668,1.426164909,0.182576534,0.246995258,0.163971937,0.525943202,0.820032171
P669,1.451413313,0.148491588,0.233055981,0.119133397,0.820000349,0.636935011
P670,1.57071053,0.175232959,0.24076117,0.143471248,0.748238256,0.929687409
P671,1.390018738,0.195074672,0.189868972,0.152262023,0.725231185,0.657663334
P672,1.464924281,0.164633112,0.286240951,0.133693989,0.678377529,0.781542209
P673,1.410465857,0.163527922,0.20934964,0.134495483,0.503891248,0.657058282
P674,1.42698193,0.259912561,0.191949202,0.175144087,0.926183208,0.697774959
P675,1.417388435,0.185636239,0.197061824,0.159717896,0.514250874,0.949649861
P676,1.357557362,0.163647735,0.195072851,0.141690862,0.513587985,0.690306687
P677,1.464970514,0.184470189,0.215642449,0.166453377,0.942253446,0.701756653
P678,1.39473986,0.177889824,0.181004698,0.144265196,0.575504027,0.586048192
P679,1.489938713,0.187875999,0.183944618,0.138867183,0.850327654,0.677283476
P680,1.488710693,0.125497244,0.26924504,0.122743852,1.25425421,0.240305208
P681,1.488655428,0.149211555,0.288103359,0.149729007,1.268217762,0.514632678
P682,1.384988125,0.205861294,0.165018711,0.157839976,0.818547709,0.581977193
P683,1.27197323,0.200691426,0.228944443,0.179508367,0.868709872,0.609726407
P684,1.492285633,0.198713535,0.215985624,0.148338452,0.537599853,0.886753265
P685,1.531899518,0.173771766,0.193889614,0.13048781,1.067726337,0.497258428
P686,1.352263339,0.222081589,0.219324313,0.168867444,0.61663674,0.781455502
P687,1.564595453,0.192023371,0.187420719,0.153462305,0.549611827,0.935351476
P688,1.435038602,0.177278,0.182679056,0.147907602,0.679076686,0.676197
P689,1.447429022,0.190141288,0.205228031,0.141435906,0.801334372,0.583230623
P690,1.385681625,0.173238637,0.208488581,0.138876497,0.582527139,0.901695506
P691,1.424601132,0.156289098,0.195294404,0.152936172,0.643766295,0.812185646
P692,1.485233734,0.170441487,0.253407198,0.158280523,1.044732937,0.544587493
P693,1.468169935,0.185687569,0.234476707,0.159554001,0.726505653,0.656473559
P694,1.668762274,0.131227653,0.269758256,0.101614246,0.932766699,0.538370826
P695,1.525422226,0.196123284,0.157705137,0.175387497,0.773020352,0.95634326
P696,1.601044385,0.124793226,0.208751669,0.125794917,0.675423806,0.66701671
P697,1.552968791,0.123570926,0.338703201,0.122846542,0.857460874,0.634695111
P698,1.395375752,0.189691332,0.170610409,0.145051968,0.643865698,0.723807631
P699,1.461747017,0.143162166,0.257959551,0.162335703,0.926823961,0.817620256
P700,1.279831272,0.20764719,0.196465799,0.166424803,0.513595721,0.775811661
P701,1.552262071,0.152777909,0.177908205,0.123199133,0.979142447,0.555396786
P702,1.424027784,0.192700613,0.22869874,0.177631818,0.839326627,0.896281422
P703,1.545430547,0.161367542,0.188788277,0.122179525,0.802399369,0.729376929
P704,1.423838592,0.169804256,0.252431118,0.137707498,0.855661796,0.522032078
P705,1.484563754,0.18503954,0.193593037,0.129299402,0.545847488,0.555245342
P706,1.549261388,0.079157393,0.185111576,0.135769997,0.304892611,0.868018657
P707,1.529268424,0.21176842,0.200424323,0.161553224,0.98022991,0.659902031
P708,1.416848523,0.128471726,0.18813254,0.143001999,0.981274401,0.363684813
P709,1.436084361,0.165290147,0.184536268,0.133717292,0.912802192,0.750521995
P710,1.456047345,0.205206391,0.1930183,0.147943597,0.666856061,0.665425675
P711,1.436247299,0.183385568,0.181552557,0.128835276,0.551358289,0.571324902
P712,1.432173268,0.116452699,0.294050753,0.128957826,0.522159671,0.758609159
P713,1.417756854,0.183337687,0.180365146,0.14523883,0.849486644,0.618226594
P714,1.759558289,0.136258258,0.196139511,0.128316105,1.709793598,0.696722568
P715,1.544280435,0.144298673,0.224556705,0.130658975,1.120110899,0.791316835
P716,1.470488112,0.171358615,0.210026698,0.15276024,0.561987192,0.522619549
P717,1.559522592,0.181778879,0.175173714,0.176223989,0.450485623,1.025322132
P718,1.406503986,0.175103461,0.334210773,0.154479186,1.101045973,0.607681957
P719,1.585473653,0.186185455,0.156248594,0.120688844,0.746494921,0.651079864
P720,1.360695628,0.180670207,0.23608446,0.160126105,0.428731941,0.832236168
P721,1.55376486,0.163777258,0.23194719,0.114882794,0.746347433,0.671594147
P722,1.375314796,0.191936274,0.17679794,0.143751425,0.568495725,0.728123911
P723,1.603760811,0.205838994,0.182159464,0.138621667,0.679639128,0.965965919
P724,1.49329833,0.155873134,0.23423426,0.129104729,0.742728066,0.721048527
P725,1.580935853,0.154712691,0.182360132,0.11760188,0.772175692,0.664255274
P726,1.471103752,0.154215859,0.198047994,0.147184013,0.885773674,0.71529645
P727,1.549149304,0.127241304,0.273243011,0.129905206,0.508769763,0.771207103
P728,1.455018441,0.186524388,0.218613473,0.137375535,0.720841875,0.613212644
P729,1.469032221,0.174628505,0.159963991,0.139159302,0.61273713,0.825056084
P730,1.381493848,0.192775569,0.20916087,0.14309217,0.534756738,0.757518238
P731,1.534677193,0.11122772,0.225141958,0.148948504,0.777276318,0.808831627
P732,1.434713221,0.229964253,0.275453113,0.156987223,1.115746833,0.55898377
P733,1.407680006,0.186328069,0.202421282,0.127221537,0.755879983,0.369284937
P734,1.565408159,0.141642714,0.23165485,0.091334219,0.93656562,0.39881465
P735,1.596971845,0.126754716,0.194162326,0.121308145,0.946045593,0.746601396
P736,1.420204217,0.171336725,0.20806508,0.1524331,0.702367213,0.82637167
P737,1.385357008,0.193923615,0.203268394,0.182148869,0.760101955,0.613685769
P738,1.490930599,0.170594351,0.191841688,0.112489129,1.306438643,0.198222898
P739,1.458293402,0.186181866,0.172274541,0.156377452,0.83857734,0.814952757
P740,1.422596425,0.173421063,0.201210487,0.167586889,0.733723874,0.831852983
P741,1.4477338,0.180439174,0.192622633,0.145539802,0.477947269,0.850637947
P742,1.603701701,0.145079365,0.193429808,0.145831622,1.111634983,0.636870632
P743,1.477383947,0.141173932,0.179498898,0.140259797,0.713427175,0.602340755
P744,1.423262114,0.188631774,0.23287877,0.146834096,0.292555293,0.861338934
P745,1.379502275,0.205076146,0.153598373,0.179365199,0.524887785,0.842481544
P746,1.532695385,0.117276714,0.231702273,0.119251245,0.656223077,0.685288835
P747,1.541139603,0.177881199,0.231474632,0.117111805,0.574957532,0.561878313
P748,1.393244597,0.212185691,0.142938328,0.16739793,0.444756297,0.839793073
P749,1.496725436,0.170111171,0.209015421,0.115178347,0.618159367,0.549909696
P750,1.581322082,0.167829291,0.133832974,0.140652102,0.499204671,1.085546461
P751,1.456521644,0.183498985,0.206064695,0.164093448,0.495983225,0.888345686
P752,1.419409757,0.136784531,0.281991729,0.136831434,0.360014128,0.645592568
P753,1.513798562,0.12658923,0.204990484,0.165675615,0.421213986,1.053131125
P754,1.420436084,0.170304307,0.186858884,0.148894029,0.237896822,0.862143313
P755,1.551636792,0.14389324,0.192739003,0.134762659,0.484673053,0.772004702
P756,1.494494136,0.127535298,0.193743124,0.118051079,0.724611104,0.475470906
P757,1.472639085,0.158864978,0.188609946,0.144611174,0.706692872,0.818208096
P758,1.583817377,0.182838768,0.142754359,0.14990534,0.724508368,0.777885828
P759,1.403469976,0.237623023,0.235171948,0.160400091,0.438644163,0.848815493
P760,1.4183443,0.139282994,0.179218262,0.129353416,0.887948462,0.494366589
P761,1.471255758,0.210404347,0.223074654,0.159225579,0.899091419,0.625741192
P762,1.573561969,0.141585902,0.271061787,0.115535488,0.971840132,0.33453315
P763,1.49425506,0.176102458,0.158456555,0.163280995,0.857827413,0.753168491
P764,1.438539442,0.182804026,0.212323529,0.137376423,0.761315281,0.805991558
P765,1.312387515,0.191285796,0.220738247,0.155004435,0.664907419,0.550533158
P766,1.486059383,0.188520772,0.216618554,0.137888347,0.749263379,0.648843266
P767,1.525674321,0.102678925,0.198576806,0.134244285,0.828103483,0.681362381
P768,1.500269436,0.16026406,0.175831361,0.145134587,0.391540367,0.854665542
P769,1.671164324,0.189228068,0.165292836,0.140072267,0.36395294,1.053927683
P770,1.485193288,0.199546285,0.156620074,0.141772903,0.297710994,0.705689712
P771,1.438310393,0.200290746,0.181830636,0.127485696,1.495031977,0.202321735
P772,1.578368948,0.152994823,0.15332309,0.129603954,0.683380335,0.687909799
P773,1.448330668,0.108800337,0.231348079,0.117668955,0.862544475,0.4924706
P774,1.594289618,0.120255192,0.228902003,0.105957384,0.679185412,0.643015884
P775,1.375358218,0.176737378,0.179342655,0.152778652,0.766724429,0.864047265
P776,1.444614465,0.186358701,0.200845405,0.164723045,0.561939166,0.894071148
P777,1.244868718,0.158850662,0.191513336,0.146933396,1.41709656,0.487890301
P778,1.41366314,0.163074682,0.215722174,0.150066412,0.509681294,0.893932279
P779,1.522116216,0.144132452,0.158147925,0.130383357,0.649638959,0.74695552
P780,1.432463558,0.188963296,0.283051521,0.17266825,0.704356745,0.648956424
P781,1.582803741,0.147547704,0.232218595,0.127084771,0.731819981,0.75620704
P782,1.335807993,0.158966894,0.203446436,0.151494876,1.157445037,0.557182306
P783,1.64170711,0.142764777,0.196858226,0.113247617,0.99936374,0.546405731
P784,1.469257502,0.188647716,0.190048107,0.139369444,0.669939419,0.754191854
P785,1.374922926,0.156959944,0.168236639,0.155189274,0.165365285,1.209415266
P786,1.520704719,0.114064224,0.260101803,0.145418753,0.623299727,0.677276577
P787,1.497114463,0.14667618,0.233221006,0.130850011,0.479673297,0.635592876
P788,1.481946672,0.174815507,0.184654774,0.127033419,0.432613324,0.624138915
P789,1.39065451,0.219324063,0.215120781,0.147575821,1.278681378,0.441391041
P790,1.465532659,0.179319738,0.227187717,0.151020326,0.764816198,0.681763833
P791,1.489990212,0.138015076,0.309341196,0.127255881,0.62388149,0.696525605
P792,1.517775815,0.170551449,0.267604223,0.169544896,0.852941432,0.691556246
P793,1.583010957,0.189228287,0.175959858,0.135093331,0.827854353,0.620699181
P794,1.384769528,0.17742741,0.173616994,0.157372469,0.738589619,0.586961764
P795,1.373779106,0.192202584,0.183246141,0.151076094,0.563713292,0.91757693
P796,1.447532998,0.169125128,0.233217431,0.130068275,0.577542854,0.777104699
P797,1.448842529,0.230582682,0.158465395,0.152084304,0.56787251,0.863192692
P798,1.432400589,0.206278627,0.238371256,0.12375027,0.481205623,0.672824491
P799,1.438970838,0.187350527,0.201440449,0.145608764,0.439609478,0.656812852
P800,1.470611441,0.208337236,0.239936386,0.14006908,0.605513441,0.731317303
P801,1.538952111,0.175630326,0.187176944,0.122772454,0.627527514,0.802839248
P802,1.545970746,0.189745077,0.19185998,0.131503677,0.821616597,0.54312245
P803,1.534296592,0.135707319,0.23149604,0.161252643,0.47937376,0.846309896
P804,1.527040425,0.156275122,0.238252898,0.20566804,0.400958315,1.197482258
P805,1.426367956,0.215934237,0.231765875,0.175096078,1.007809129,0.569088347
P806,1.462934362,0.189151258,0.223001951,0.158170046,0.800778168,0.719998768
P807,1.419484242,0.185712352,0.184284018,0.137918483,0.667185706,0.530869162
P808,1.610815961,0.209775387,0.199078918,0.163776699,0.537054677,0.97716445
P809,1.588977076,0.118001446,0.26798095,0.14267442,0.656309008,0.841198242
P810,1.423369979,0.202085302,0.273334983,0.139149008,0.773506603,0.601717632
P811,1.579308503,0.204553078,0.219629262,0.141527882,0.359067751,0.861087057
P812,1.610394341,0.149945117,0.209103759,0.155876741,0.37138048,0.918250767
P813,1.371690563,0.223071973,0.263699052,0.173978525,0.320993914,1.020468473
P814,1.307620855,0.14446751,0.169011723,0.162643088,0.905835454,0.517556204
P815,1.459451081,0.21432472,0.222947411,0.17219348,0.448832245,0.909485597
P816,1.578965193,0.160972693,0.197786896,0.137848992,0.554721936,0.730894617
P817,1.393148921,0.156232441,0.205735015,0.121799026,0.723638005,0.57402204
P818,1.463893802,0.184240636,0.246309271,0.144181096,0.56438222,0.599159271
P819,1.372037217,0.204067473,0.176832082,0.155025033,0.540073207,0.682926289
P820,1.412532483,0.190206146,0.189674325,0.13654951,0.732312871,0.575316915
P821,1.421189935,0.163061146,0.152529763,0.158765564,0.344949751,1.058383431
P822,1.514037784,0.146542709,0.194922771,0.135576557,0.510733555,0.827922138
P823,1.350306466,0.149723622,0.221838944,0.141149263,0.714657224,0.681534595
P824,1.48448687,0.065194907,0.335586151,0.139364352,0.848349531,0.589034301
P825,1.388916439,0.192346421,0.279737791,0.15723445,0.788479947,0.616392615
P826,1.454819215,0.234731589,0.174486688,0.156739625,0.342720107,0.842614479
P827,1.371289327,0.159510639,0.16626526,0.128197619,0.50003748,0.661368848
P828,1.373053124,0.224071763,0.203843848,0.206976035,0.483065726,1.16265892
P829,1.350931401,0.208156872,0.170492899,0.194345862,0.724821044,0.764638897
P830,1.418697457,0.075191145,0.307220267,0.164886318,0.504021814,0.683055515
P831,1.374241288,0.220891982,0.156624658,0.148758632,0.888716341,0.594661281
P832,1.652349584,0.148794848,0.254735262,0.165629122,0.198883118,1.12624202
P833,1.418476401,0.183031697,0.199452458,0.14095119,0.580426735,0.574406361
P834,1.437247273,0.206023684,0.190655441,0.148922947,0.498341153,0.795785506
P835,1.477595599,0.167462461,0.230329368,0.155439856,0.776023128,0.558461191
P836,1.408744743,0.183625014,0.211002156,0.12685602,0.82025949,0.530500336
P837,1.385610138,0.222337603,0.16942354,0.152432804,0.419870311,0.876509485
P838,1.551227191,0.124827823,0.168612104,0.107049143,1.000008421,0.497047068
P839,1.295520315,0.136188166,0.2041052,0.121534531,0.719492295,0.696309852
P840,1.61079736,0.122256206,0.224462105,0.12991971,0.742357876,0.628956139
P841,1.564599129,0.160094192,0.174720136,0.11308258,0.707503435,0.662529576
P842,1.441265049,0.205708017,0.177304238,0.15979537,0.58215264,0.901238279
P843,1.372244139,0.183853157,0.227536216,0.143953285,0.81235171,0.555034368
P844,1.51500282,0.177892696,0.220801966,0.144475267,0.811811003,0.649279221
P845,1.458945083,0.211838025,0.184210897,0.14866301,0.412971252,0.918386262
P846,1.534875733,0.176207997,0.172124072,0.165177616,0.63678951,0.776717532
P847,1.468236033,0.191454297,0.20328995,0.134586735,0.703891515,0.469454004
P848,1.398288582,0.13528913,0.241228187,0.122555971,1.122894355,0.326717815
P849,1.44272615,0.187294246,0.161923014,0.151100729,0.446834384,0.869507235
P850,1.44893465,0.173427469,0.212658707,0.142888822,1.10066137,0.538859496
P851,1.641878528,0.168835087,0.35526684,0.112138271,1.167091401,0.572447595
P852,1.47197153,0.178848112,0.147649169,0.136122679,0.709691532,0.751782172
P853,1.405085226,0.195941017,0.195627355,0.146896022,0.765584282,0.799216561
P854,1.43176679,0.211284471,0.19202408,0.163089369,0.234647541,0.849172869
P855,1.657810229,0.155042511,0.187538805,0.130197034,0.925284815,0.553148428
P856,1.46573001,0.166016858,0.250484864,0.11895101,0.564675296,0.663999538
P857,1.360182885,0.170095609,0.261942787,0.150270402,0.69301482,0.73385482
P858,1.560609313,0.224644982,0.200131703,0.170884657,0.616092248,0.936416953
P859,1.520883181,0.189129755,0.209836303,0.13430024,0.774043099,0.698988525
P860,1.27570329,0.195228711,0.16389595,0.169584638,0.725992261,0.829908336
P861,1.630889192,0.146584774,0.209808581,0.125548179,0.849389593,0.866561466
P862,1.384653872,0.153307193,0.224964084,0.148059752,0.594727516,0.605949525
P863,1.631601292,0.188909698,0.245545065,0.151466829,0.738721525,0.703058646
P864,1.488773695,0.16911501,0.145407611,0.164260444,0.751695144,0.977731204
P865,1.592209834,0.151229432,0.196036736,0.113531182,1.022137986,0.502103466
P866,1.550425073,0.188752992,0.171871783,0.140207318,1.236190988,0.417989004
P867,1.609974983,0.136892457,0.207798851,0.153303538,0.448314858,0.957369402
P868,1.297087713,0.223899278,0.147195438,0.154795018,0.337188235,0.970086011
P869,1.507204317,0.197962895,0.151017552,0.140824581,0.889361771,0.676502836
P870,1.744657344,0.167323387,0.191352364,0.122803748,0.905822008,0.628938458
P871,1.591593228,0.144581849,0.34402599,0.115624744,1.039564198,0.45564525
P872,1.537399157,0.144009589,0.245516554,0.140934576,0.967652877,0.713410015
P873,1.445866121,0.186149781,0.226994132,0.136673433,1.353993857,0.527076652
P874,1.427609593,0.177857208,0.186663415,0.130026974,0.822450735,0.712566793
P875,1.539707348,0.213877419,0.26473444,0.141456359,1.052880891,0.664303219
P876,1.591879044,0.173454465,0.184055484,0.120596747,0.444138224,0.819957864
P877,1.612409873,0.234810967,0.219515647,0.156153876,0.612221449,0.725665266
P878,1.369551258,0.147638377,0.310519167,0.139198607,0.796859031,0.715113714
P879,1.469864943,0.16684205,0.179973754,0.148352763,0.62510259,0.799317468
P880,1.392670926,0.148779829,0.199534185,0.124812715,0.858558358,0.581218931
P881,1.435809032,0.124097487,0.252831566,0.121378424,0.588315071,0.718932453
P882,1.502020634,0.085993069,0.274228278,0.149072475,0.854595228,0.611486926
P883,1.432389181,0.159842605,0.194845204,0.138888885,0.565412974,0.600473165
P884,1.464921856,0.17306853,0.246448273,0.146069187,0.530378944,0.684109182
P885,1.432395337,0.137131076,0.155789989,0.133149048,0.714686289,0.474016139
P886,1.365763343,0.159447268,0.181702935,0.147050306,0.645035106,0.902530913
P887,1.779451224,0.141418929,0.303921661,0.118132096,1.535057539,0.313655479
P888,1.461337124,0.196141864,0.171367914,0.15707993,0.709381425,0.873908475
P889,1.550222169,0.165380828,0.21936748,0.121703209,0.732006631,0.562646492
P890,1.397083541,0.222085058,0.201703884,0.16713606,0.585699348,0.75535509
P891,1.426225816,0.173996743,0.146944622,0.148507431,0.717596117,0.722577876
P892,1.518791226,0.181372709,0.209859008,0.14955674,0.429704681,0.848985443
P893,1.591613409,0.119700124,0.195190704,0.095664772,0.656016762,0.727058677
P894,1.462892969,0.213825135,0.229511811,0.138264492,0.607107674,0.888530712
P895,1.36314405,0.158207404,0.189091475,0.153266392,0.654657864,0.626823656
P896,1.33403768,0.153280343,0.159756514,0.159132018,0.935889852,0.926334899
P897,1.620083058,0.175288392,0.202947507,0.12682959,1.191182262,0.581127317
P898,1.561756535,0.139023953,0.341837911,0.104668387,0.911462354,0.578562661
P899,1.563522143,0.149169116,0.221224417,0.134596766,0.742245771,0.693816953
P900,1.428852597,0.207585087,0.218942508,0.151366613,0.792160646,0.496725347
P901,1.538841505,0.146608168,0.188924872,0.111737291,0.350462093,0.756161794
P902,1.484997936,0.184082873,0.191232848,0.131682073,0.442356684,0.772651346
P903,1.323401294,0.171380811,0.156996739,0.118014263,1.140926605,0.273004432
P904,1.353181932,0.182223857,0.190355627,0.147396429,0.299347258,0.633425478
P905,1.466507944,0.097018111,0.425948459,0.132768163,0.978444443,0.698566786
P906,1.476002231,0.186394533,0.17354792,0.124582457,0.592795476,0.707105364
P907,1.425764856,0.162958244,0.204813428,0.157204786,0.973225266,0.726889903
P908,1.457571507,0.17979253,0.233369463,0.145933078,0.722000977,0.816772031
P909,1.397962431,0.15210758,0.207509871,0.132879145,0.599649594,0.50829795
P910,1.47950828,0.18177095,0.196797036,0.16005156,0.735928693,0.84727664
P911,1.573473141,0.126724463,0.31071716,0.111058068,1.372940224,0.434848299
P912,1.365139976,0.174434454,0.209600602,0.137578525,0.861923344,0.560354906
P913,1.597091748,0.102932542,0.236924896,0.125285744,0.758475683,0.780296592
P914,1.705376531,0.164533651,0.290720207,0.144187417,0.645165852,0.798085491
P915,1.268616057,0.162128601,0.187700885,0.149190276,0.596306029,0.672039401
P916,1.59690435,0.135654007,0.264505021,0.117791376,0.536492347,0.618222299
P917,1.485713254,0.166840938,0.199857061,0.125245924,1.222269619,0.251143939
P918,1.448718513,0.162126311,0.242746375,0.139210578,0.834112356,0.822999481
P919,1.532953253,0.212633818,0.243774369,0.141262636,0.365783584,0.743569751
P920,1.367111367,0.150370718,0.167078514,0.11126877,1.051579281,0.319695883
P921,1.369550715,0.178428031,0.319645989,0.139089072,0.588377222,0.606785429
P922,1.458068901,0.181922066,0.263784521,0.155608867,0.7297692,0.747607272
P923,1.556247013,0.160228281,0.233983236,0.140299506,0.638786269,0.879539096
P924,1.455020298,0.207635957,0.193261258,0.151221908,0.545609324,0.659472103
P925,1.256037299,0.203499788,0.198471654,0.177181315,0.314265106,0.811051464
P926,1.46550375,0.18882906,0.31015902,0.153860458,1.862718831,0.339190655
P927,1.385911671,0.205394305,0.210377753,0.147754285,0.753867419,0.36869365
P928,1.607759906,0.165617502,0.192737125,0.142292693,0.96170709,0.783959513
P929,1.455649229,0.188303912,0.174556701,0.165678614,0.741929143,0.926195725
P930,1.367586675,0.192146437,0.212006206,0.167442681,0.517810964,0.732937313
P931,1.583355586,0.175665714,0.2949232,0.134148776,0.92858802,0.598312857
P932,1.461969255,0.184073958,0.27495976,0.126308575,0.699529594,0.709646363
P933,1.59692841,0.191229281,0.215656488,0.121638288,0.881829824,0.508274984
P934,1.411254866,0.163232767,0.173349071,0.14252218,0.669338163,0.602667287
P935,1.387117262,0.198165555,0.14804026,0.140150625,0.547126616,0.677481739
P936,1.421707084,0.177290253,0.21666087,0.129879133,1.091886291,0.624241792
P937,1.570917743,0.160813084,0.193981793,0.143185494,0.7744121,0.518347436
P938,1.416886033,0.141865073,0.174249482,0.148108679,0.840675574,0.36127135
P939,1.550999495,0.197101908,0.19050354,0.12676103,0.724686263,0.723265135
P940,1.438746435,0.20919333,0.27568631,0.133209091,0.879678205,0.532522127
P941,1.463741671,0.184853134,0.170085389,0.127119673,0.82179435,0.506960313
P942,1.511432931,0.165047431,0.186202178,0.12842271,0.572077102,0.779965967
P943,1.322540053,0.193037341,0.229848655,0.181737033,0.539244401,0.897422288
P944,1.56231601,0.133125177,0.213959277,0.109277061,0.936041762,0.571194869
P945,1.458236945,0.177975965,0.238345019,0.17316949,0.252011227,0.997277625
P946,1.432972777,0.173236993,0.162614394,0.138076228,0.632557835,0.599077554
P947,1.501121036,0.154211477,0.187216828,0.120833802,0.790840145,0.507208359
P948,1.529588512,0.190197828,0.238620022,0.136287391,0.795682595,0.590419083
P949,1.365960736,0.217997674,0.159344628,0.158420319,1.158142542,0.582436991
P950,1.510140103,0.180643638,0.219775277,0.127357121,0.893677047,0.592397453
P951,1.347611069,0.206989106,0.166825757,0.168627609,0.645287173,0.868610815
P952,1.724652418,0.205642411,0.273409155,0.14600406,0.639448219,0.735274878
P953,1.513695587,0.18595242,0.177298235,0.168426171,0.562826476,0.84278557
P954,1.504533234,0.235891392,0.187175963,0.143991466,1.134127734,0.376839342
P955,1.506607617,0.17211809,0.265767267,0.125349084,0.490383786,0.611774954
P956,1.387121581,0.12819799,0.252686132,0.151372416,0.608012139,0.630457329
P957,1.374601764,0.174688709,0.249866671,0.124655927,0.975243401,0.336238373
P958,1.529358916,0.147079814,0.164145158,0.129987294,0.472783704,0.820996657
P959,1.4025513,0.147668698,0.235888611,0.138392266,0.618673756,0.588158477
P960,1.510792347,0.178170158,0.217912312,0.151290882,0.911672615,0.586378574
P961,1.562103807,0.151795901,0.200366554,0.145326417,0.578535189,1.032777496
P962,1.54423183,0.16348653,0.287543276,0.131750303,0.429083424,0.630209848
P963,1.518529735,0.103321424,0.229831547,0.147282359,0.635220381,0.749710203
P964,1.530663632,0.129056049,0.253389501,0.163337481,0.644853651,0.722348079
P965,1.604492852,0.168414386,0.234709743,0.115470548,1.098634172,0.397009119
P966,1.421382608,0.13885215,0.221168546,0.121433228,0.735507277,0.647453093
P967,1.442200417,0.162424236,0.217083269,0.133665675,0.502859962,0.829730284
P968,1.551848693,0.19696027,0.184467745,0.141090671,0.622629967,0.449734001
P969,1.39496716,0.133559966,0.284817938,0.116146409,0.988831628,0.54300315
P970,1.544466196,0.156277556,0.192884768,0.122154314,0.70105694,0.568480557
P971,1.966414487,0.033073445,0.520626963,0.113879809,1.411542229,0.525238992
P972,1.415602884,0.223268968,0.207594736,0.155689234,0.594972387,0.734618193
P973,1.511084062,0.162431633,0.253376385,0.126157864,0.689176846,0.749534968
P974,1.523507575,0.193952043,0.181141465,0.137674591,0.648869901,0.763767019
P975,1.514835249,0.183666375,0.299883922,0.135829872,0.598837277,0.64560363
P976,1.512707929,0.147716392,0.162864445,0.120114097,0.902130435,0.617336995
P977,1.539345017,0.198367874,0.161471524,0.138011279,0.68233285,0.642312038
P978,1.450684003,0.181336206,0.285378294,0.13642586,0.702518017,0.519887724
P979,1.328641797,0.173282417,0.334708049,0.129900618,0.824869124,0.561224412
P980,1.422304101,0.177286594,0.188677854,0.1263281,0.73637874,0.629896099
P981,1.51170411,0.158810317,0.243711813,0.16777642,0.617592491,0.71364661
P982,1.576789765,0.201081969,0.213815149,0.156450319,0.803308967,0.681527788
P983,1.618038363,0.159456341,0.226227609,0.103887793,0.909498272,0.769988725
P984,1.398529323,0.168615958,0.213174754,0.178155117,0.508712963,1.040182731
P985,1.419463853,0.169671982,0.215053782,0.146499357,0.528122544,0.725195144
P986,1.472701402,0.180380961,0.18730291,0.146334719,0.880000695,0.733522127
P987,1.415875136,0.168438844,0.201523368,0.173352287,0.563406991,1.048992723
P988,1.579206706,0.202332076,0.265454398,0.153862084,0.609868044,0.689330347
P989,1.507635073,0.186757827,0.19754142,0.149067639,0.280800654,0.943220638
P990,1.490538693,0.179108862,0.244245003,0.146968476,0.865029651,0.593311966
P991,1.478699176,0.181082701,0.211357519,0.178385386,0.79903345,0.711279107
P992,1.439983608,0.173251904,0.20886605,0.154288777,0.438215531,1.021605655
P993,1.600050533,0.169131545,0.263398614,0.127492819,0.554275344,0.748360212
P994,1.44575862,0.190065622,0.181942733,0.146964547,0.49537783,0.921217736
P995,1.349631097,0.155776651,0.1670124,0.140038111,0.692713948,0.736377458
P996,1.645703633,0.210174648,0.178352498,0.156888699,0.712061234,0.917059668
P997,1.446548736,0.174194064,0.155711501,0.12750503,0.756090353,0.471160541
P998,1.477746463,0.160325944,0.155075906,0.161487862,0.911495689,0.830730794
P999,1.489196525,0.169947925,0.16534832,0.129527242,0.719427842,0.775632152
P1000,1.433801033,0.176084086,0.157525058,0.14395119,0.166055286,0.946659473
