Participant.ID,condition,a,st,sv,t,v,qtarget_corr_acc,qtarget_incorr_acc,qtarget_corr_acc_perc,no_qtarget_incorr_acc,no_qtarget_corr_acc,Overall_acc,Overall_acc_perc,qtarget_adjusted_score,qtarget_adjusted_score_2,log_adjusted_score,log_adjusted_score_2,dprime,beta,aprime,bppd,c,mean_RT_all,mean_RT_qtar,mean_RT_non_qtar
P001,0-back,0.779462415,0.066312988,1.201323839,0.308237602,3.491492808,8,2,80,2,28,36,90,6,32,3.135494216,3.80666249,2.148603656,2.016568137,NA,NA,0.326443233,402.6862664,402.6862664,402.6862664
P001,1-back,0.902663637,0.16360129,1.238913193,0.309355377,4.351378269,9,1,90,1,29,38,95,8,36,3.218875825,3.891820298,2.757501173,2.175958484,NA,NA,0.281947024,409.3148353,409.3148353,409.3148353
P001,2-back,0.934655028,0.121770805,2.276130634,0.328259035,4.023217551,8,2,80,2,28,36,90,6,32,3.135494216,3.80666249,2.148603656,2.016568137,NA,NA,0.326443233,442.3956079,442.3956079,442.3956079
P001,3-back,0.861723454,0.279458795,1.631610806,0.336657286,3.204617855,8,2,80,3,27,35,87.5,5,30,3.091042453,3.761200116,1.93151641,2.238706023,NA,NA,0.417235922,451.1935368,451.1935368,451.1935368
P002,0-back,1.340496394,0.045695043,1.061228731,0.225273177,5.994548737,10,0,100,0,30,40,100,10,40,3.295836866,3.970291914,3.831819751,2.370886532,NA,NA,0.225288246,337.6411946,337.6411946,337.6411946
P002,1-back,1.346939322,0.259241652,1.172314429,0.298231233,4.142176378,10,0,100,2,28,38,95,8,36,3.218875825,3.891820298,2.983804545,6.406763151,NA,NA,0.622478499,467.7496104,467.7496104,467.7496104
P002,2-back,1.255461369,0.658801322,1.272746859,0.548214665,2.311382294,8,2,80,4,26,34,85,4,28,3.044522438,3.713572067,1.760214044,2.345774248,NA,NA,0.484381726,805.1728993,805.1728993,805.1728993
P002,3-back,1.954754732,0.611276685,0.966158466,0.388866483,1.798318937,8,2,80,3,27,35,87.5,5,30,3.091042453,3.761200116,1.93151641,2.238706023,NA,NA,0.417235922,918.999807,918.999807,918.999807
P003,0-back,1.499066537,0.051884958,1.515352322,0.28377305,5.857717933,10,0,100,0,30,40,100,10,40,3.295836866,3.970291914,3.831819751,2.370886532,NA,NA,0.225288246,427.3877592,427.3877592,427.3877592
P003,1-back,1.714612126,0.10382693,0.874929648,0.274943974,4.844685713,10,0,100,0,30,40,100,10,40,3.295836866,3.970291914,3.831819751,2.370886532,NA,NA,0.225288246,454.7799815,454.7799815,454.7799815
P003,2-back,1.070623614,0.314180899,1.775225023,0.455473456,4.00633481,8,2,80,1,29,37,92.5,7,34,3.17805383,3.850147602,2.454230527,1.596761119,NA,NA,0.190681874,593.1899994,593.1899994,593.1899994
P003,3-back,1.496605298,0.304077477,2.160191469,0.395083941,3.881836472,8,2,80,1,29,37,92.5,7,34,3.17805383,3.850147602,2.454230527,1.596761119,NA,NA,0.190681874,631.5348279,631.5348279,631.5348279
P004,0-back,1.697351856,0.12266127,1.122464503,0.323322638,5.396554586,10,0,100,1,29,39,97.5,9,38,3.258096538,3.931825633,3.278394615,4.966107882,NA,NA,0.488847927,519.5711589,519.5711589,519.5711589
P004,1-back,1.884393653,0.285999273,0.782553906,0.3500468,5.499706059,10,0,100,0,30,40,100,10,40,3.295836866,3.970291914,3.831819751,2.370886532,NA,NA,0.225288246,527.9402571,527.9402571,527.9402571
P004,2-back,1.29053701,0.362058427,0.870711959,0.40548555,2.192368187,8,2,80,3,27,35,87.5,5,30,3.091042453,3.761200116,1.93151641,2.238706023,NA,NA,0.417235922,665.8593554,665.8593554,665.8593554
P004,3-back,1.762218499,0.308266387,2.065759244,0.341920519,2.585047128,6,4,60,2,28,34,85,4,28,3.044522438,3.713572067,1.68625936,1.533817856,NA,NA,0.253673882,714.2812812,714.2812812,714.2812812
P005,0-back,1.457639708,0.185574493,1.369112473,0.336318635,4.426376479,10,0,100,2,28,38,95,8,36,3.218875825,3.891820298,2.983804545,6.406763151,NA,NA,0.622478499,510.3267263,510.3267263,510.3267263
P005,1-back,2.228650283,0.844156042,0.670543867,0.586843912,3.959845081,10,0,100,0,30,40,100,10,40,3.295836866,3.970291914,3.831819751,2.370886532,NA,NA,0.225288246,919.7784987,919.7784987,919.7784987
P005,2-back,2.57772198,0.275941677,1.974268351,0.610502439,2.919757349,7,3,70,3,27,34,85,4,28,3.044522438,3.713572067,1.684021252,1.862234035,NA,NA,0.369221505,1004.281891,1004.281891,1004.281891
P005,3-back,1.78748541,0.468214679,2.137243627,0.367801536,2.105085973,4,6,40,3,27,31,77.5,1,22,2.890371758,3.555348061,1.030879819,1.446559807,NA,NA,0.358129225,800.3719602,800.3719602,800.3719602
P006,0-back,1.977029982,0.263532845,0.696806721,0.32058839,3.688902805,10,0,100,1,29,39,97.5,9,38,3.258096538,3.931825633,3.278394615,4.966107882,NA,NA,0.488847927,601.4149897,601.4149897,601.4149897
P006,1-back,1.146024935,0.344387568,1.263497118,0.564516538,3.731551408,8,2,80,0,30,38,95,8,36,3.218875825,3.891820298,3.027418978,0.786071085,NA,NA,-0.079509329,719.9623262,719.9623262,719.9623262
P006,2-back,2.6766314,0.19545704,0.899890756,0.487912878,3.295149357,9,1,90,1,29,38,95,8,36,3.218875825,3.891820298,2.757501173,2.175958484,NA,NA,0.281947024,920.958671,920.958671,920.958671
P006,3-back,1.626469031,0.482805931,1.891659243,0.547728625,2.720160375,8,2,80,3,27,35,87.5,5,30,3.091042453,3.761200116,1.93151641,2.238706023,NA,NA,0.417235922,879.9704314,879.9704314,879.9704314
P007,0-back,1.103238643,0.087808102,1.131608245,0.295975091,4.567142437,10,0,100,2,28,38,95,8,36,3.218875825,3.891820298,2.983804545,6.406763151,NA,NA,0.622478499,415.4317881,415.4317881,415.4317881
P007,1-back,1.129783018,0.109222685,1.257373965,0.265739116,3.460035256,8,2,80,0,30,38,95,8,36,3.218875825,3.891820298,3.027418978,0.786071085,NA,NA,-0.079509329,430.3359558,430.3359558,430.3359558
P007,2-back,1.117866172,0.336211697,2.023399001,0.384314112,3.285123077,6,4,60,1,29,35,87.5,5,30,3.091042453,3.761200116,2.002483917,1.256681105,NA,NA,0.114095399,549.5626926,549.5626926,549.5626926
P007,3-back,1.494902129,0.130847485,1.217430135,0.297662783,3.990678552,10,0,100,1,29,39,97.5,9,38,3.258096538,3.931825633,3.278394615,4.966107882,NA,NA,0.488847927,492.3415843,492.3415843,492.3415843
P008,0-back,1.725489324,0.088094038,1.241382664,0.261341615,4.984977275,10,0,100,0,30,40,100,10,40,3.295836866,3.970291914,3.831819751,2.370886532,NA,NA,0.225288246,451.9097331,451.9097331,451.9097331
P008,1-back,1.822726832,0.561726333,0.814277098,0.437743332,5.152987859,10,0,100,0,30,40,100,10,40,3.295836866,3.970291914,3.831819751,2.370886532,NA,NA,0.225288246,620.6290609,620.6290609,620.6290609
P008,2-back,2.453104857,0.452941625,0.523546231,0.488135752,2.171539987,9,1,90,0,30,39,97.5,9,38,3.258096538,3.931825633,3.32079335,1.052970534,NA,NA,0.015543048,1061.356027,1061.356027,1061.356027
P008,3-back,1.772445204,0.992694598,1.436536515,0.640974786,1.74515312,6,4,60,4,26,32,80,2,24,2.944438979,3.610917913,1.287298346,1.703421834,NA,NA,0.413765055,1150.723163,1150.723163,1150.723163
P009,0-back,1.073974461,0.101281073,1.601041937,0.334534404,2.709121694,6,4,60,1,29,35,87.5,5,30,3.091042453,3.761200116,2.002483917,1.256681105,NA,NA,0.114095399,510.9075003,510.9075003,510.9075003
P009,1-back,1.151919071,0.100458881,1.543897951,0.359782973,1.539944642,3,7,30,4,26,29,72.5,-1,18,2.772588722,3.433987204,0.612897397,1.328747699,NA,NA,0.463759383,596.9554476,596.9554476,596.9554476
P009,2-back,1.216310742,0.145801716,1.120783002,0.351185096,1.932222015,5,5,50,1,29,34,85,4,28,3.044522438,3.713572067,1.797908594,1.212814631,NA,NA,0.107315689,602.4172738,602.4172738,602.4172738
P009,3-back,1.322618092,0.11706427,2.277815385,0.363079916,2.14525408,4,6,40,4,26,30,75,0,20,2.833213344,3.496507561,0.852495034,1.43817348,NA,NA,0.426247517,621.3865047,621.3865047,621.3865047
P010,0-back,1.448110758,0.043411544,1.249182788,0.288275204,5.008022656,10,0,100,0,30,40,100,10,40,3.295836866,3.970291914,3.831819751,2.370886532,NA,NA,0.225288246,440.9501299,440.9501299,440.9501299
P010,1-back,1.44003781,0.144916409,0.926086995,0.273018285,2.679056343,9,1,90,1,29,38,95,8,36,3.218875825,3.891820298,2.757501173,2.175958484,NA,NA,0.281947024,540.3013669,540.3013669,540.3013669
P010,2-back,1.413648072,0.355913435,1.329689189,0.385708691,2.521224285,7,3,70,1,29,36,90,6,32,3.135494216,3.80666249,2.215175421,1.364096901,NA,NA,0.140166145,670.3317472,670.3317472,670.3317472
P010,3-back,1.726471566,0.441588669,1.927191959,0.435409559,2.463471119,7,3,70,4,26,33,82.5,3,26,2.995732274,3.663561646,1.510455536,1.933723408,NA,NA,0.436588404,795.4769987,795.4769987,795.4769987
P011,0-back,1.466246667,0.055831046,0.923266804,0.254282949,6.05977076,10,0,100,0,30,40,100,10,40,3.295836866,3.970291914,3.831819751,2.370886532,NA,NA,0.225288246,374.595974,374.595974,374.595974
P011,1-back,0.806154121,0.127887778,1.055228136,0.297910953,5.35895636,8,2,80,0,30,38,95,8,36,3.218875825,3.891820298,3.027418978,0.786071085,NA,NA,-0.079509329,370.2218372,370.2218372,370.2218372
P011,2-back,1.019188609,0.042791256,1.658987669,0.293247198,2.96752118,6,4,60,3,27,33,82.5,3,26,2.995732274,3.663561646,1.462836033,1.659114403,NA,NA,0.34609755,451.9108104,451.9108104,451.9108104
P011,3-back,0.909902777,0.111638771,1.745867601,0.252887465,2.726684703,4,6,40,1,29,33,82.5,3,26,2.995732274,3.663561646,1.587739677,1.208698913,NA,NA,0.119380088,390.2764042,390.2764042,390.2764042
P012,0-back,0.941572725,0.145368892,1.010321621,0.296927606,4.935154412,9,1,90,0,30,39,97.5,9,38,3.258096538,3.931825633,3.32079335,1.052970534,NA,NA,0.015543048,390.3889212,390.3889212,390.3889212
P012,1-back,1.842996767,0.083360106,1.277320947,0.269926833,3.964557565,10,0,100,0,30,40,100,10,40,3.295836866,3.970291914,3.831819751,2.370886532,NA,NA,0.225288246,532.0095262,532.0095262,532.0095262
P012,2-back,1.559855197,0.541831257,1.017917145,0.459728618,2.810171479,9,1,90,1,29,38,95,8,36,3.218875825,3.891820298,2.757501173,2.175958484,NA,NA,0.281947024,762.8106404,762.8106404,762.8106404
P012,3-back,1.459000169,0.173435847,1.934330462,0.288905435,2.673429177,7,3,70,2,28,35,87.5,5,30,3.091042453,3.761200116,1.904348509,1.69690851,NA,NA,0.277684505,566.6514346,566.6514346,566.6514346
P013,0-back,1.424219408,0.08822361,1.484659842,0.355936593,6.035266578,10,0,100,0,30,40,100,10,40,3.295836866,3.970291914,3.831819751,2.370886532,NA,NA,0.225288246,480.4047134,480.4047134,480.4047134
P013,1-back,2.008335051,0.173493962,1.361323547,0.344755281,4.440747869,10,0,100,3,27,37,92.5,7,34,3.17805383,3.850147602,2.774655243,7.227399843,NA,NA,0.712837871,594.5804139,594.5804139,594.5804139
P013,2-back,3.54820792,0.265016085,3.464419611,0.286387744,2.156684256,6,4,60,12,18,24,60,-6,8,2.397895273,3.044522438,0.450530068,1.329403275,NA,NA,0.631989286,750.1353649,750.1353649,750.1353649
P013,3-back,3.667216999,0.292541304,3.248104415,0.256734951,1.951921631,5,5,50,13,17,22,55,-8,4,2.197224577,2.833213344,0.154179561,1.102349095,NA,NA,0.632012723,764.4173639,764.4173639,764.4173639
P014,0-back,1.78425984,0.127943572,0.877128685,0.357918368,4.443413056,10,0,100,0,30,40,100,10,40,3.295836866,3.970291914,3.831819751,2.370886532,NA,NA,0.225288246,566.3871941,566.3871941,566.3871941
P014,1-back,2.001591773,0.115024909,1.006709054,0.341833067,3.95037024,10,0,100,1,29,39,97.5,9,38,3.258096538,3.931825633,3.278394615,4.966107882,NA,NA,0.488847927,611.0456658,611.0456658,611.0456658
P014,2-back,1.664079893,0.509038445,1.725207445,0.497676734,2.737476509,6,4,60,1,29,35,87.5,5,30,3.091042453,3.761200116,2.002483917,1.256681105,NA,NA,0.114095399,825.8270093,825.8270093,825.8270093
P014,3-back,2.501341205,0.29772127,2.322774096,0.361955094,2.525185698,6,4,60,5,25,31,77.5,1,22,2.890371758,3.555348061,1.141066845,1.701691924,NA,NA,0.465899967,887.8956599,887.8956599,887.8956599
P015,0-back,1.77947304,0.186567059,0.948747152,0.229281699,4.926192817,10,0,100,0,30,40,100,10,40,3.295836866,3.970291914,3.831819751,2.370886532,NA,NA,0.225288246,417.9650469,417.9650469,417.9650469
P015,1-back,1.638710526,0.139952718,0.915729195,0.241935143,4.360573043,9,1,90,1,29,38,95,8,36,3.218875825,3.891820298,2.757501173,2.175958484,NA,NA,0.281947024,428.5292847,428.5292847,428.5292847
P015,2-back,1.00731609,0.08777595,2.101885371,0.285352995,1.790549936,2,8,20,3,27,29,72.5,-1,18,2.772588722,3.433987204,0.508439659,1.266485301,NA,NA,0.464648224,459.1957901,459.1957901,459.1957901
P015,3-back,0.73021541,0.31302269,2.206996629,0.373122128,2.702202612,3,7,30,2,28,31,77.5,1,22,2.890371758,3.555348061,1.022646196,1.360304843,NA,NA,0.300894704,471.5437245,471.5437245,471.5437245
P016,0-back,1.670411558,0.099597167,1.043709288,0.277635476,5.731917432,10,0,100,0,30,40,100,10,40,3.295836866,3.970291914,3.831819751,2.370886532,NA,NA,0.225288246,426.9626893,426.9626893,426.9626893
P016,1-back,1.561487841,0.319842402,0.937174112,0.422793115,5.595756471,10,0,100,0,30,40,100,10,40,3.295836866,3.970291914,3.831819751,2.370886532,NA,NA,0.225288246,568.7418513,568.7418513,568.7418513
P016,2-back,2.220434458,0.268794842,0.825374185,0.304151674,3.611996662,10,0,100,0,30,40,100,10,40,3.295836866,3.970291914,3.831819751,2.370886532,NA,NA,0.225288246,636.3692538,636.3692538,636.3692538
P016,3-back,1.000413511,0.490445901,2.4251888,0.47521667,3.058117588,5,5,50,3,27,32,80,2,24,2.944438979,3.610917913,1.249637713,1.534384413,NA,NA,0.34260271,630.2076241,630.2076241,630.2076241
P017,0-back,1.496102476,0.06253418,1.63463627,0.205424557,5.473259679,9,1,90,5,25,34,85,4,28,3.044522438,3.713572067,1.933913645,3.357298452,NA,NA,0.626261995,354.4974307,354.4974307,354.4974307
P017,1-back,1.132867811,0.039652609,1.852063574,0.232504274,3.413596765,7,3,70,1,29,36,90,6,32,3.135494216,3.80666249,2.215175421,1.364096901,NA,NA,0.140166145,416.9962605,416.9962605,416.9962605
P017,2-back,1.161691573,0.111925952,0.940350655,0.175068523,2.282644168,6,4,60,1,29,35,87.5,5,30,3.091042453,3.761200116,2.002483917,1.256681105,NA,NA,0.114095399,397.0838623,397.0838623,397.0838623
P017,3-back,0.914501958,0.190788786,2.527576775,0.248160477,2.071415373,4,6,40,7,23,27,67.5,-3,14,2.63905733,3.295836866,0.464861011,1.291973503,NA,NA,0.55106987,391.721478,391.721478,391.721478
P018,0-back,1.450573689,0.125462774,1.464221605,0.369102965,4.292331637,9,1,90,1,29,38,95,8,36,3.218875825,3.891820298,2.757501173,2.175958484,NA,NA,0.281947024,550.8778601,550.8778601,550.8778601
P018,1-back,2.128554184,0.219291721,0.770132592,0.322818777,4.151602047,10,0,100,0,30,40,100,10,40,3.295836866,3.970291914,3.831819751,2.370886532,NA,NA,0.225288246,588.7299149,588.7299149,588.7299149
P018,2-back,2.109835066,0.311506515,0.576530247,0.340694872,2.186892284,9,1,90,0,30,39,97.5,9,38,3.258096538,3.931825633,3.32079335,1.052970534,NA,NA,0.015543048,833.7925818,833.7925818,833.7925818
P018,3-back,1.369911795,0.434475656,0.626772546,0.468647368,1.682453492,7,3,70,2,28,35,87.5,5,30,3.091042453,3.761200116,1.904348509,1.69690851,NA,NA,0.277684505,803.5565553,803.5565553,803.5565553
P019,0-back,1.669790204,0.072822568,1.160402107,0.296367388,4.876390485,10,0,100,0,30,40,100,10,40,3.295836866,3.970291914,3.831819751,2.370886532,NA,NA,0.225288246,476.4447418,476.4447418,476.4447418
P019,1-back,1.593524949,0.392534285,1.629531541,0.412703169,3.57606733,9,1,90,1,29,38,95,8,36,3.218875825,3.891820298,2.757501173,2.175958484,NA,NA,0.281947024,669.2452219,669.2452219,669.2452219
P019,2-back,1.548415488,0.543228963,2.136529462,0.445984399,2.240340037,5,5,50,3,27,32,80,2,24,2.944438979,3.610917913,1.249637713,1.534384413,NA,NA,0.34260271,788.5396467,788.5396467,788.5396467
P019,3-back,1.689941771,0.618418245,2.360354562,0.450208063,2.893862046,8,2,80,4,26,34,85,4,28,3.044522438,3.713572067,1.760214044,2.345774248,NA,NA,0.484381726,801.4075443,801.4075443,801.4075443
P020,0-back,1.570468135,0.133840495,0.936059103,0.291191635,5.388060932,10,0,100,0,30,40,100,10,40,3.295836866,3.970291914,3.831819751,2.370886532,NA,NA,0.225288246,440.7093059,440.7093059,440.7093059
P020,1-back,1.279075608,0.109318616,0.975426268,0.389948182,3.78097615,9,1,90,0,30,39,97.5,9,38,3.258096538,3.931825633,3.32079335,1.052970534,NA,NA,0.015543048,559.6426638,559.6426638,559.6426638
P020,2-back,1.275748345,0.252916004,1.380525643,0.49122855,2.364810989,6,4,60,2,28,34,85,4,28,3.044522438,3.713572067,1.68625936,1.533817856,NA,NA,0.253673882,744.2890603,744.2890603,744.2890603
P020,3-back,0.922033807,0.27564222,1.642458283,0.513544565,2.005396666,4,6,40,3,27,31,77.5,1,22,2.890371758,3.555348061,1.030879819,1.446559807,NA,NA,0.358129225,668.6152113,668.6152113,668.6152113
P021,0-back,1.797837342,0.064098806,1.707035332,0.296234691,4.991358656,10,0,100,0,30,40,100,10,40,3.295836866,3.970291914,3.831819751,2.370886532,NA,NA,0.225288246,509.2177506,509.2177506,509.2177506
P021,1-back,1.056469616,0.399823722,1.195825459,0.486208502,3.855189932,10,0,100,2,28,38,95,8,36,3.218875825,3.891820298,2.983804545,6.406763151,NA,NA,0.622478499,617.7740718,617.7740718,617.7740718
P021,2-back,1.483548271,0.276847849,0.532185481,0.722610088,1.73251236,8,2,80,2,28,36,90,6,32,3.135494216,3.80666249,2.148603656,2.016568137,NA,NA,0.326443233,1089.959611,1089.959611,1089.959611
P021,3-back,1.793441038,0.727373366,0.764819911,0.632429004,1.32583007,8,2,80,5,25,33,82.5,3,26,2.995732274,3.663561646,1.61704664,2.381611283,NA,NA,0.536643314,1177.51861,1177.51861,1177.51861
P022,0-back,3.570754276,0.140377222,2.947030935,0.217997369,5.017841774,10,0,100,8,22,32,80,2,24,2.944438979,3.610917913,2.151399053,7.611050446,NA,NA,0.943386674,578.1951002,578.1951002,578.1951002
P022,1-back,3.880874712,0.233101496,1.690704277,0.262793636,2.456620883,10,0,100,10,20,30,75,0,20,2.833213344,3.496507561,1.980752397,7.111335274,NA,NA,0.990376198,907.7540569,907.7540569,907.7540569
P022,2-back,1.533113672,0.531608983,1.207770162,0.632138415,2.547238658,7,3,70,2,28,35,87.5,5,30,3.091042453,3.761200116,1.904348509,1.69690851,NA,NA,0.277684505,944.2090062,944.2090062,944.2090062
P022,3-back,1.708366857,0.422906601,1.911866256,0.482775142,2.374507957,6,4,60,4,26,32,80,2,24,2.944438979,3.610917913,1.287298346,1.703421834,NA,NA,0.413765055,836.6532577,836.6532577,836.6532577
P023,0-back,1.997356515,0.177542455,1.102537241,0.256853869,4.943822257,10,0,100,0,30,40,100,10,40,3.295836866,3.970291914,3.831819751,2.370886532,NA,NA,0.225288246,471.9096339,471.9096339,471.9096339
P023,1-back,1.753641201,0.138616377,1.230241356,0.285729146,4.720425544,10,0,100,0,30,40,100,10,40,3.295836866,3.970291914,3.831819751,2.370886532,NA,NA,0.225288246,490.9655487,490.9655487,490.9655487
P023,2-back,1.960945394,0.233811391,1.048630336,0.280666598,4.606871536,10,0,100,0,30,40,100,10,40,3.295836866,3.970291914,3.831819751,2.370886532,NA,NA,0.225288246,508.8072672,508.8072672,508.8072672
P023,3-back,1.281201396,0.271546253,1.388685653,0.396696167,2.306754711,7,3,70,2,28,35,87.5,5,30,3.091042453,3.761200116,1.904348509,1.69690851,NA,NA,0.277684505,653.2006846,653.2006846,653.2006846
P024,0-back,1.522288894,0.337148617,0.816765927,0.315455155,3.604966254,9,1,90,0,30,39,97.5,9,38,3.258096538,3.931825633,3.32079335,1.052970534,NA,NA,0.015543048,532.3544757,532.3544757,532.3544757
P024,1-back,2.46074957,0.38084985,1.037399843,0.335289849,3.539982371,10,0,100,3,27,37,92.5,7,34,3.17805383,3.850147602,2.774655243,7.227399843,NA,NA,0.712837871,710.0003,710.0003,710.0003
P024,2-back,3.50725775,0.405524099,1.567846926,0.424584502,2.767005683,10,0,100,6,24,34,85,4,28,3.044522438,3.713572067,2.353055821,7.87859809,NA,NA,0.877221,997.2652585,997.2652585,997.2652585
P024,3-back,3.165486727,0.439840214,0.713686876,0.310332402,0.973240541,5,5,50,8,22,27,67.5,-3,14,2.63905733,3.295836866,0.582567393,1.388301156,NA,NA,0.563163702,1210.582,1210.582,1210.582
P025,0-back,1.761702106,0.072333763,1.030897528,0.223958404,3.803653161,10,0,100,0,30,40,100,10,40,3.295836866,3.970291914,3.831819751,2.370886532,NA,NA,0.225288246,474.2431756,474.2431756,474.2431756
P025,1-back,1.79832676,0.197549559,0.934071465,0.304108993,4.450287496,10,0,100,0,30,40,100,10,40,3.295836866,3.970291914,3.831819751,2.370886532,NA,NA,0.225288246,520.3275086,520.3275086,520.3275086
P025,2-back,1.677554423,0.514514024,1.44502167,0.456372248,2.366926701,9,1,90,3,27,36,90,6,32,3.135494216,3.80666249,2.243502511,3.116096654,NA,NA,0.506610151,834.7036492,834.7036492,834.7036492
P025,3-back,1.223951451,0.430532133,0.913743461,0.500301629,2.03713621,8,2,80,3,27,35,87.5,5,30,3.091042453,3.761200116,1.93151641,2.238706023,NA,NA,0.417235922,762.8989588,762.8989588,762.8989588
P026,0-back,1.909487576,0.250462358,0.814413197,0.41629076,4.955349296,10,0,100,0,30,40,100,10,40,3.295836866,3.970291914,3.831819751,2.370886532,NA,NA,0.225288246,616.4091833,616.4091833,616.4091833
P026,1-back,1.879444449,0.267623343,1.192681721,0.491040953,2.792250187,9,1,90,1,29,38,95,8,36,3.218875825,3.891820298,2.757501173,2.175958484,NA,NA,0.281947024,852.6091417,852.6091417,852.6091417
P026,2-back,2.733473507,0.422983347,0.543858204,0.564722548,3.562914022,10,0,100,0,30,40,100,10,40,3.295836866,3.970291914,3.831819751,2.370886532,NA,NA,0.225288246,968.9121815,968.9121815,968.9121815
P026,3-back,1.530881659,0.294227497,2.358022071,0.71876607,3.259957708,6,4,60,1,29,35,87.5,5,30,3.091042453,3.761200116,2.002483917,1.256681105,NA,NA,0.114095399,990.54513,990.54513,990.54513
P027,0-back,1.482455436,0.142133716,1.19126167,0.235441219,6.139557337,10,0,100,0,30,40,100,10,40,3.295836866,3.970291914,3.831819751,2.370886532,NA,NA,0.225288246,361.862902,361.862902,361.862902
P027,1-back,1.726338198,0.098596982,0.990650083,0.203843833,2.720778171,9,1,90,0,30,39,97.5,9,38,3.258096538,3.931825633,3.32079335,1.052970534,NA,NA,0.015543048,552.0257907,552.0257907,552.0257907
P027,2-back,1.766417119,0.137340639,1.529887454,0.193015472,1.922069098,6,4,60,2,28,34,85,4,28,3.044522438,3.713572067,1.68625936,1.533817856,NA,NA,0.253673882,649.9633389,649.9633389,649.9633389
P027,3-back,1.886935283,0.215752764,1.583014626,0.199823111,2.89261751,9,1,90,2,28,37,92.5,7,34,3.17805383,3.850147602,2.457071428,2.781312249,NA,NA,0.416317913,579.307573,579.307573,579.307573
P028,0-back,1.789959202,0.13875275,0.842322983,0.276724861,4.97789275,10,0,100,0,30,40,100,10,40,3.295836866,3.970291914,3.831819751,2.370886532,NA,NA,0.225288246,459.6448112,459.6448112,459.6448112
P028,1-back,1.612220341,0.42012226,1.705210799,0.466767644,3.468639872,10,0,100,2,28,38,95,8,36,3.218875825,3.891820298,2.983804545,6.406763151,NA,NA,0.622478499,745.164621,745.164621,745.164621
P028,2-back,1.925916677,0.828137544,0.734091269,0.623188952,3.183918106,9,1,90,0,30,39,97.5,9,38,3.258096538,3.931825633,3.32079335,1.052970534,NA,NA,0.015543048,980.120265,980.120265,980.120265
P028,3-back,1.492032256,0.634602548,1.476413674,0.635465788,1.926227804,5,5,50,2,28,33,82.5,3,26,2.995732274,3.663561646,1.476007403,1.44464169,NA,NA,0.24922729,986.8905809,986.8905809,986.8905809
P029,0-back,1.649194688,0.160405611,0.804150651,0.32468665,5.750169023,10,0,100,1,29,39,97.5,9,38,3.258096538,3.931825633,3.278394615,4.966107882,NA,NA,0.488847927,470.220833,470.220833,470.220833
P029,1-back,1.318080724,0.270628338,1.799566265,0.429370152,3.770840737,8,2,80,1,29,37,92.5,7,34,3.17805383,3.850147602,2.454230527,1.596761119,NA,NA,0.190681874,628.6061329,628.6061329,628.6061329
P029,2-back,1.450776028,0.332064221,2.06749637,0.482636922,2.136233068,5,5,50,3,27,32,80,2,24,2.944438979,3.610917913,1.249637713,1.534384413,NA,NA,0.34260271,792.4998616,792.4998616,792.4998616
P029,3-back,1.21083778,0.215061413,1.477712396,0.433856508,1.621587341,5,5,50,4,26,31,77.5,1,22,2.890371758,3.555348061,1.072443103,1.553176921,NA,NA,0.410560205,696.1665424,696.1665424,696.1665424
P030,0-back,0.712783017,0.271767954,0.981645763,0.316494704,3.194386532,6,4,60,1,29,35,87.5,5,30,3.091042453,3.761200116,2.002483917,1.256681105,NA,NA,0.114095399,409.0330869,409.0330869,409.0330869
P030,1-back,0.691569447,0.277493594,1.766927114,0.320403355,2.183592405,5,5,50,5,25,30,75,0,20,2.833213344,3.496507561,0.92524456,1.534245528,NA,NA,0.46262228,423.5869274,423.5869274,423.5869274
P030,2-back,1.005200384,0.25699267,1.958925093,0.297215498,1.931433299,4,6,40,5,25,29,72.5,-1,18,2.772588722,3.433987204,0.704849531,1.40070933,NA,NA,0.478086113,474.4269099,474.4269099,474.4269099
P030,3-back,0.941608551,0.347550472,1.838051652,0.268773176,0.684094952,2,8,20,8,22,24,60,-6,8,2.397895273,3.044522438,-0.147679819,0.905254683,NA,NA,0.674018685,443.1505525,443.1505525,443.1505525
P031,0-back,1.320990511,0.039451006,1.203410735,0.244739943,5.707505954,9,1,90,0,30,39,97.5,9,38,3.258096538,3.931825633,3.32079335,1.052970534,NA,NA,0.015543048,363.8005622,363.8005622,363.8005622
P031,1-back,1.718444637,0.11002739,1.050778809,0.254489172,6.021092099,10,0,100,8,22,32,80,2,24,2.944438979,3.610917913,2.151399053,7.611050446,NA,NA,0.943386674,397.653075,397.653075,397.653075
P031,2-back,0.900652874,0.391686426,1.736415403,0.371294931,2.738311151,7,3,70,5,25,32,80,2,24,2.944438979,3.610917913,1.365574314,1.949234547,NA,NA,0.488759014,505.6310283,505.6310283,505.6310283
P031,3-back,1.189633749,0.3169239,1.998040695,0.328479425,3.00863911,7,3,70,3,27,34,85,4,28,3.044522438,3.713572067,1.684021252,1.862234035,NA,NA,0.369221505,522.3428586,522.3428586,522.3428586
P032,0-back,1.76283318,0.295512805,0.887196366,0.362895126,4.949800274,10,0,100,1,29,39,97.5,9,38,3.258096538,3.931825633,3.278394615,4.966107882,NA,NA,0.488847927,549.3447057,549.3447057,549.3447057
P032,1-back,2.385136462,0.220084159,1.259553488,0.308897798,2.847398722,9,1,90,0,30,39,97.5,9,38,3.258096538,3.931825633,3.32079335,1.052970534,NA,NA,0.015543048,823.6400403,823.6400403,823.6400403
P032,2-back,1.248975445,0.568879854,2.111139148,0.887919297,2.844911325,6,4,60,2,28,34,85,4,28,3.044522438,3.713572067,1.68625936,1.533817856,NA,NA,0.253673882,1119.244476,1119.244476,1119.244476
P032,3-back,1.739580092,0.686633269,1.856791267,0.669405447,2.026813959,7,3,70,5,25,32,80,2,24,2.944438979,3.610917913,1.365574314,1.949234547,NA,NA,0.488759014,1106.272269,1106.272269,1106.272269
P033,0-back,1.519013334,0.093648733,0.938864942,0.294642629,5.893511112,10,0,100,0,30,40,100,10,40,3.295836866,3.970291914,3.831819751,2.370886532,NA,NA,0.225288246,424.0730584,424.0730584,424.0730584
P033,1-back,1.23853538,0.151807057,1.451383677,0.331629044,4.039043969,8,2,80,0,30,38,95,8,36,3.218875825,3.891820298,3.027418978,0.786071085,NA,NA,-0.079509329,500.4878665,500.4878665,500.4878665
P033,2-back,1.26621747,0.288528789,1.688145107,0.392023338,4.068536211,8,2,80,0,30,38,95,8,36,3.218875825,3.891820298,3.027418978,0.786071085,NA,NA,-0.079509329,558.0077313,558.0077313,558.0077313
P033,3-back,1.60926758,0.410233395,2.063662406,0.329894802,3.124471492,8,2,80,3,27,35,87.5,5,30,3.091042453,3.761200116,1.93151641,2.238706023,NA,NA,0.417235922,627.5060024,627.5060024,627.5060024
P034,0-back,1.071393094,0.130861891,0.943569975,0.268732952,4.506875383,9,1,90,0,30,39,97.5,9,38,3.258096538,3.931825633,3.32079335,1.052970534,NA,NA,0.015543048,385.9447992,385.9447992,385.9447992
P034,1-back,1.229126709,0.074914207,1.057986928,0.312895534,3.964362379,9,1,90,0,30,39,97.5,9,38,3.258096538,3.931825633,3.32079335,1.052970534,NA,NA,0.015543048,467.6732932,467.6732932,467.6732932
P034,2-back,1.656229513,0.337788487,1.38995414,0.394350094,3.810212259,10,0,100,1,29,39,97.5,9,38,3.258096538,3.931825633,3.278394615,4.966107882,NA,NA,0.488847927,641.5604461,641.5604461,641.5604461
P034,3-back,1.506735889,0.306122712,1.353274391,0.410758689,2.376997064,8,2,80,2,28,36,90,6,32,3.135494216,3.80666249,2.148603656,2.016568137,NA,NA,0.326443233,727.580955,727.580955,727.580955
P035,0-back,1.755879259,0.10406849,0.867323195,0.226784717,4.459552954,10,0,100,0,30,40,100,10,40,3.295836866,3.970291914,3.831819751,2.370886532,NA,NA,0.225288246,428.339592,428.339592,428.339592
P035,1-back,1.243092922,0.285957774,0.979071655,0.346343054,2.674916963,9,1,90,2,28,37,92.5,7,34,3.17805383,3.850147602,2.457071428,2.781312249,NA,NA,0.416317913,567.7208047,567.7208047,567.7208047
P035,2-back,2.065733446,0.348313435,1.121012983,0.281013573,1.398335804,7,3,70,5,25,32,80,2,24,2.944438979,3.610917913,1.365574314,1.949234547,NA,NA,0.488759014,862.2307213,862.2307213,862.2307213
P035,3-back,1.325197486,0.528815011,1.066402852,0.424457162,1.314990706,6,4,60,5,25,31,77.5,1,22,2.890371758,3.555348061,1.141066845,1.701691924,NA,NA,0.465899967,756.1733871,756.1733871,756.1733871
P036,0-back,2.108690075,0.182945253,1.096011321,0.313949043,4.411849031,10,0,100,0,30,40,100,10,40,3.295836866,3.970291914,3.831819751,2.370886532,NA,NA,0.225288246,573.8921102,573.8921102,573.8921102
P036,1-back,2.116673355,0.324672987,1.393757404,0.368164672,3.329472063,9,1,90,0,30,39,97.5,9,38,3.258096538,3.931825633,3.32079335,1.052970534,NA,NA,0.015543048,748.4255578,748.4255578,748.4255578
P036,2-back,1.701009164,0.537255415,0.602971946,0.455487655,1.578165062,8,2,80,2,28,36,90,6,32,3.135494216,3.80666249,2.148603656,2.016568137,NA,NA,0.326443233,932.7583467,932.7583467,932.7583467
P036,3-back,1.871598777,0.354176639,1.206796857,0.365166473,1.365611601,8,2,80,6,24,32,80,2,24,2.944438979,3.610917913,1.492851694,2.371831023,NA,NA,0.578531842,934.4447325,934.4447325,934.4447325
P037,0-back,1.595156388,0.072900828,1.266850568,0.259886864,5.579433859,10,0,100,1,29,39,97.5,9,38,3.258096538,3.931825633,3.278394615,4.966107882,NA,NA,0.488847927,413.3022323,413.3022323,413.3022323
P037,1-back,1.897212295,0.114570166,0.970041597,0.289954608,4.50014931,10,0,100,0,30,40,100,10,40,3.295836866,3.970291914,3.831819751,2.370886532,NA,NA,0.225288246,510.236052,510.236052,510.236052
P037,2-back,1.436669587,0.439654425,1.171858728,0.407044096,3.042084937,9,1,90,1,29,38,95,8,36,3.218875825,3.891820298,2.757501173,2.175958484,NA,NA,0.281947024,667.3088096,667.3088096,667.3088096
P037,3-back,1.629900846,0.419070972,2.20115279,0.270785207,2.946150292,7,3,70,2,28,35,87.5,5,30,3.091042453,3.761200116,1.904348509,1.69690851,NA,NA,0.277684505,590.6004061,590.6004061,590.6004061
P038,0-back,1.160851253,0.162302051,1.516896891,0.328124774,3.493539865,9,1,90,8,22,31,77.5,1,22,2.890371758,3.555348061,1.603805465,3.235990062,NA,NA,0.732217812,499.9248276,499.9248276,499.9248276
P038,1-back,1.649793539,0.24600642,0.757330075,0.300699758,1.452326334,6,4,60,5,25,31,77.5,1,22,2.890371758,3.555348061,1.141066845,1.701691924,NA,NA,0.465899967,719.9175688,719.9175688,719.9175688
P038,2-back,3.30649188,0.14156374,0.264696903,0.124170279,0.530944124,5,5,50,17,13,18,45,-12,-4,1.609437912,2.197224577,-0.154179561,0.907153645,NA,NA,0.632012723,895.1916023,895.1916023,895.1916023
P038,3-back,3.469937436,0.166673952,0.152178427,0.146921282,0.381587158,5,5,50,21,9,14,35,-16,-12,0,0,-0.487769821,0.751908713,NA,NA,0.584579738,1173.883309,1173.883309,1173.883309
P039,0-back,1.298158497,0.15297948,1.569999891,0.315684398,4.875418597,9,1,90,0,30,39,97.5,9,38,3.258096538,3.931825633,3.32079335,1.052970534,NA,NA,0.015543048,457.881066,457.881066,457.881066
P039,1-back,1.232620331,0.242675112,1.926352167,0.396685893,3.370403017,7,3,70,1,29,36,90,6,32,3.135494216,3.80666249,2.215175421,1.364096901,NA,NA,0.140166145,583.982189,583.982189,583.982189
P039,2-back,1.610076494,0.458142356,2.04636564,0.42357028,2.661894844,5,5,50,1,29,34,85,4,28,3.044522438,3.713572067,1.797908594,1.212814631,NA,NA,0.107315689,752.2721003,752.2721003,752.2721003
P039,3-back,1.150507625,0.541761151,1.8609256,0.509927272,2.971553836,5,5,50,1,29,34,85,4,28,3.044522438,3.713572067,1.797908594,1.212814631,NA,NA,0.107315689,699.1946354,699.1946354,699.1946354
P040,0-back,1.481186803,0.095658572,1.175783958,0.269563892,3.414990666,9,1,90,0,30,39,97.5,9,38,3.258096538,3.931825633,3.32079335,1.052970534,NA,NA,0.015543048,515.8407884,515.8407884,515.8407884
P040,1-back,1.983958577,0.094548887,1.036687875,0.275064276,3.473838104,10,0,100,0,30,40,100,10,40,3.295836866,3.970291914,3.831819751,2.370886532,NA,NA,0.225288246,590.8184573,590.8184573,590.8184573
P040,2-back,1.903786095,0.353711539,0.989538103,0.381366403,1.113346679,7,3,70,6,24,31,77.5,1,22,2.890371758,3.555348061,1.239991731,1.930219975,NA,NA,0.530353515,976.1203273,976.1203273,976.1203273
P040,3-back,1.68113644,0.536139206,0.970741949,0.400362826,1.922399145,8,2,80,3,27,35,87.5,5,30,3.091042453,3.761200116,1.93151641,2.238706023,NA,NA,0.417235922,812.7892531,812.7892531,812.7892531
P041,0-back,2.76655645,0.095908086,2.476621857,0.330620919,3.968241049,7,3,70,3,27,34,85,4,28,3.044522438,3.713572067,1.684021252,1.862234035,NA,NA,0.369221505,717.2687635,717.2687635,717.2687635
P041,1-back,3.193025483,0.233303828,2.126925105,0.36286602,1.095023227,6,4,60,10,20,26,65,-4,12,2.564949357,3.218875825,0.616058177,1.453761461,NA,NA,0.607335999,1033.295894,1033.295894,1033.295894
P041,2-back,3.524160294,0.227489111,0.24111438,0.22787454,0.481529807,5,5,50,16,14,19,47.5,-11,-2,1.791759469,2.397895273,-0.076729624,0.952362416,NA,NA,0.636124938,1240.689847,1240.689847,1240.689847
P041,3-back,3.199259567,0.30232592,0.374088601,0.242352794,0.360127759,5,5,50,17,13,18,45,-12,-4,1.609437912,2.197224577,-0.154179561,0.907153645,NA,NA,0.632012723,1168.159818,1168.159818,1168.159818
P042,0-back,1.499403736,0.185617829,0.838613762,0.35954197,6.771554382,10,0,100,0,30,40,100,10,40,3.295836866,3.970291914,3.831819751,2.370886532,NA,NA,0.225288246,471.8889733,471.8889733,471.8889733
P042,1-back,1.481347286,0.348417166,0.987208143,0.376578262,2.805935298,10,0,100,2,28,38,95,8,36,3.218875825,3.891820298,2.983804545,6.406763151,NA,NA,0.622478499,646.2418121,646.2418121,646.2418121
P042,2-back,1.645362253,0.209226772,0.981569233,0.363664422,2.200720503,8,2,80,1,29,37,92.5,7,34,3.17805383,3.850147602,2.454230527,1.596761119,NA,NA,0.190681874,739.0468088,739.0468088,739.0468088
P042,3-back,1.68578348,0.506873833,0.75569323,0.374212541,1.693429265,8,2,80,2,28,36,90,6,32,3.135494216,3.80666249,2.148603656,2.016568137,NA,NA,0.326443233,830.489806,830.489806,830.489806
P043,0-back,1.124046878,0.053879995,0.90182674,0.257480852,3.941535813,9,1,90,0,30,39,97.5,9,38,3.258096538,3.931825633,3.32079335,1.052970534,NA,NA,0.015543048,398.5935282,398.5935282,398.5935282
P043,1-back,1.045843387,0.120942407,0.980747093,0.293423255,4.593492317,10,0,100,1,29,39,97.5,9,38,3.258096538,3.931825633,3.278394615,4.966107882,NA,NA,0.488847927,404.4691787,404.4691787,404.4691787
P043,2-back,1.226209434,0.190862619,1.297791066,0.252837613,2.298300059,7,3,70,2,28,35,87.5,5,30,3.091042453,3.761200116,1.904348509,1.69690851,NA,NA,0.277684505,489.8817944,489.8817944,489.8817944
P043,3-back,1.051674229,0.279530972,1.707721282,0.255208761,2.569669829,7,3,70,3,27,34,85,4,28,3.044522438,3.713572067,1.684021252,1.862234035,NA,NA,0.369221505,437.930986,437.930986,437.930986
P044,0-back,1.84024933,0.181886251,0.843672849,0.263111318,2.532403314,8,2,80,0,30,38,95,8,36,3.218875825,3.891820298,3.027418978,0.786071085,NA,NA,-0.079509329,643.1205454,643.1205454,643.1205454
P044,1-back,3.620452415,0.266711552,2.205685937,0.206687923,1.519106197,9,1,90,16,14,23,57.5,-7,6,2.302585093,2.944438979,0.973908434,2.246499238,NA,NA,0.83105668,804.54676,804.54676,804.54676
P044,2-back,3.585382876,0.14920464,2.884128441,0.202271812,1.087293311,6,4,60,14,16,22,55,-8,4,2.197224577,2.833213344,0.294438037,1.208937215,NA,NA,0.644419589,823.027905,823.027905,823.027905
P044,3-back,3.389879566,0.177677141,3.539506636,0.205016085,1.30297932,6,4,60,14,16,22,55,-8,4,2.197224577,2.833213344,0.294438037,1.208937215,NA,NA,0.644419589,728.5882891,728.5882891,728.5882891
P045,0-back,2.074935666,0.220337475,0.727265003,0.417444032,5.558298777,10,0,100,0,30,40,100,10,40,3.295836866,3.970291914,3.831819751,2.370886532,NA,NA,0.225288246,608.7562744,608.7562744,608.7562744
P045,1-back,2.112571361,0.329411596,0.759899533,0.358107796,4.969478013,10,0,100,1,29,39,97.5,9,38,3.258096538,3.931825633,3.278394615,4.966107882,NA,NA,0.488847927,583.348292,583.348292,583.348292
P045,2-back,2.182614089,0.530865445,0.719535552,0.546471404,5.371552689,10,0,100,0,30,40,100,10,40,3.295836866,3.970291914,3.831819751,2.370886532,NA,NA,0.225288246,774.3495089,774.3495089,774.3495089
P045,3-back,1.431170534,0.624629238,1.961300502,0.440562659,2.045281947,6,4,60,5,25,31,77.5,1,22,2.890371758,3.555348061,1.141066845,1.701691924,NA,NA,0.465899967,746.7899524,746.7899524,746.7899524
P046,0-back,1.56793459,0.101187491,1.029329392,0.229768757,5.031701095,10,0,100,0,30,40,100,10,40,3.295836866,3.970291914,3.831819751,2.370886532,NA,NA,0.225288246,391.6989323,391.6989323,391.6989323
P046,1-back,1.224609159,0.163599543,0.929201332,0.289845985,4.089147818,10,0,100,1,29,39,97.5,9,38,3.258096538,3.931825633,3.278394615,4.966107882,NA,NA,0.488847927,438.7637572,438.7637572,438.7637572
P046,2-back,1.435126854,0.363047339,1.479640637,0.36659111,2.571252108,9,1,90,3,27,36,90,6,32,3.135494216,3.80666249,2.243502511,3.116096654,NA,NA,0.506610151,650.5357231,650.5357231,650.5357231
P046,3-back,1.092031851,0.365453681,1.774895972,0.418856251,2.112629684,6,4,60,4,26,32,80,2,24,2.944438979,3.610917913,1.287298346,1.703421834,NA,NA,0.413765055,617.8808836,617.8808836,617.8808836
P047,0-back,2.038452553,0.266191267,0.927233311,0.559048835,5.2056922,10,0,100,0,30,40,100,10,40,3.295836866,3.970291914,3.831819751,2.370886532,NA,NA,0.225288246,775.6300243,775.6300243,775.6300243
P047,1-back,2.076595732,0.182009347,0.68743462,0.604289022,4.636285945,10,0,100,0,30,40,100,10,40,3.295836866,3.970291914,3.831819751,2.370886532,NA,NA,0.225288246,832.3476653,832.3476653,832.3476653
P047,2-back,1.40851137,0.255704862,0.940073853,0.69739807,2.454841234,9,1,90,2,28,37,92.5,7,34,3.17805383,3.850147602,2.457071428,2.781312249,NA,NA,0.416317913,972.9329982,972.9329982,972.9329982
P047,3-back,0.859541141,0.496058482,1.541289603,0.850094169,2.858334351,9,1,90,5,25,34,85,4,28,3.044522438,3.713572067,1.933913645,3.357298452,NA,NA,0.626261995,988.6796082,988.6796082,988.6796082
P048,0-back,1.236450886,0.053651365,0.830723753,0.278403296,3.428166811,9,1,90,0,30,39,97.5,9,38,3.258096538,3.931825633,3.32079335,1.052970534,NA,NA,0.015543048,457.827563,457.827563,457.827563
P048,1-back,1.268322096,0.124395127,2.419270785,0.295845338,3.75418772,9,1,90,4,26,35,87.5,5,30,3.091042453,3.761200116,2.074876914,3.28846403,NA,NA,0.573730705,481.6635761,481.6635761,481.6635761
P048,2-back,1.409891409,0.290779722,2.423399629,0.349106815,2.110355002,7,3,70,7,23,30,75,0,20,2.833213344,3.496507561,1.128143645,1.88957898,NA,NA,0.564071823,640.4912271,640.4912271,640.4912271
P048,3-back,1.137241322,0.235054953,1.714268759,0.35226471,1.127374568,7,3,70,10,20,27,67.5,-3,14,2.63905733,3.295836866,0.844044058,1.705427856,NA,NA,0.632450423,591.6118453,591.6118453,591.6118453
P049,0-back,1.368298474,0.077485443,1.402674072,0.326634671,5.957019553,10,0,100,0,30,40,100,10,40,3.295836866,3.970291914,3.831819751,2.370886532,NA,NA,0.225288246,446.9571499,446.9571499,446.9571499
P049,1-back,1.661468195,0.110839952,1.114226985,0.346360463,5.313221861,10,0,100,1,29,39,97.5,9,38,3.258096538,3.931825633,3.278394615,4.966107882,NA,NA,0.488847927,509.209945,509.209945,509.209945
P049,2-back,0.967290638,0.266145447,1.045182602,0.41237149,2.238657221,5,5,50,1,29,34,85,4,28,3.044522438,3.713572067,1.797908594,1.212814631,NA,NA,0.107315689,578.5623301,578.5623301,578.5623301
P049,3-back,0.99695343,0.161760097,1.92424874,0.382495633,2.849419107,5,5,50,1,29,34,85,4,28,3.044522438,3.713572067,1.797908594,1.212814631,NA,NA,0.107315689,534.1463483,534.1463483,534.1463483
P050,0-back,1.574513937,0.178135478,0.83395937,0.297438981,5.577655223,10,0,100,0,30,40,100,10,40,3.295836866,3.970291914,3.831819751,2.370886532,NA,NA,0.225288246,439.7810399,439.7810399,439.7810399
P050,1-back,2.211762838,0.268616182,0.971790917,0.272726731,3.532761745,10,0,100,1,29,39,97.5,9,38,3.258096538,3.931825633,3.278394615,4.966107882,NA,NA,0.488847927,617.1329773,617.1329773,617.1329773
P050,2-back,2.951020246,0.267763234,2.01966534,0.164962644,0.913321753,4,6,40,11,19,23,57.5,-7,6,2.302585093,2.944438979,0.095357588,1.061593606,NA,NA,0.626810956,925.0480184,925.0480184,925.0480184
P050,3-back,1.725774461,0.580079024,1.01791901,0.320640171,1.084927061,6,4,60,6,24,30,75,0,20,2.833213344,3.496507561,1.014498746,1.672975626,NA,NA,0.507249373,890.8448516,890.8448516,890.8448516
P051,0-back,2.070471834,0.146188208,1.144312534,0.283065348,4.100042411,10,0,100,0,30,40,100,10,40,3.295836866,3.970291914,3.831819751,2.370886532,NA,NA,0.225288246,563.1972199,563.1972199,563.1972199
P051,1-back,1.691385908,0.399739838,0.872982685,0.439313063,3.10520849,10,0,100,1,29,39,97.5,9,38,3.258096538,3.931825633,3.278394615,4.966107882,NA,NA,0.488847927,725.1890298,725.1890298,725.1890298
P051,2-back,1.463544002,0.479212949,1.075267217,0.646896117,1.215437163,9,1,90,8,22,31,77.5,1,22,2.890371758,3.555348061,1.603805465,3.235990062,NA,NA,0.732217812,1039.053114,1039.053114,1039.053114
P051,3-back,1.651777939,0.316960143,1.033749805,0.580943607,1.756157758,9,1,90,4,26,35,87.5,5,30,3.091042453,3.761200116,2.074876914,3.28846403,NA,NA,0.573730705,1004.796478,1004.796478,1004.796478
P052,0-back,1.494452121,0.142227107,1.786478874,0.258464203,4.747319265,10,0,100,1,29,39,97.5,9,38,3.258096538,3.931825633,3.278394615,4.966107882,NA,NA,0.488847927,434.6987391,434.6987391,434.6987391
P052,1-back,1.313078048,0.139700269,0.88761108,0.299727226,3.608953392,9,1,90,0,30,39,97.5,9,38,3.258096538,3.931825633,3.32079335,1.052970534,NA,NA,0.015543048,483.7849541,483.7849541,483.7849541
P052,2-back,1.489083537,0.258520533,1.625213873,0.31567894,2.953856452,7,3,70,0,30,37,92.5,7,34,3.17805383,3.850147602,2.799089789,0.686129203,NA,NA,-0.13457565,590.7493361,590.7493361,590.7493361
P052,3-back,1.544959361,0.426078204,1.970434118,0.343859472,3.408227509,8,2,80,1,29,37,92.5,7,34,3.17805383,3.850147602,2.454230527,1.596761119,NA,NA,0.190681874,608.556605,608.556605,608.556605
P054,0-back,0.95805675,0.133970427,0.934387568,0.308348814,4.992902251,9,1,90,0,30,39,97.5,9,38,3.258096538,3.931825633,3.32079335,1.052970534,NA,NA,0.015543048,401.1335465,401.1335465,401.1335465
P054,1-back,1.633224373,0.249088965,0.800413325,0.367866333,6.215743027,10,0,100,0,30,40,100,10,40,3.295836866,3.970291914,3.831819751,2.370886532,NA,NA,0.225288246,504.2557327,504.2557327,504.2557327
P054,2-back,1.639309227,0.286041652,1.425440941,0.339536163,2.718496457,8,2,80,1,29,37,92.5,7,34,3.17805383,3.850147602,2.454230527,1.596761119,NA,NA,0.190681874,671.2927994,671.2927994,671.2927994
P054,3-back,2.022430092,0.1136627,1.605683122,0.264984747,1.93703261,5,5,50,1,29,34,85,4,28,3.044522438,3.713572067,1.797908594,1.212814631,NA,NA,0.107315689,827.9780146,827.9780146,827.9780146
P055,0-back,1.385173564,0.17622655,1.865099882,0.417800053,4.97601575,10,0,100,1,29,39,97.5,9,38,3.258096538,3.931825633,3.278394615,4.966107882,NA,NA,0.488847927,576.4784606,576.4784606,576.4784606
P055,1-back,2.13646983,0.245145169,0.724380344,0.382623938,3.961587513,10,0,100,0,30,40,100,10,40,3.295836866,3.970291914,3.831819751,2.370886532,NA,NA,0.225288246,663.9895834,663.9895834,663.9895834
P055,2-back,2.20604264,0.400515848,0.89375237,0.437305232,3.741404464,10,0,100,0,30,40,100,10,40,3.295836866,3.970291914,3.831819751,2.370886532,NA,NA,0.225288246,762.4927572,762.4927572,762.4927572
P055,3-back,1.172819728,0.539459995,2.715741215,0.590732881,3.655919665,7,3,70,3,27,34,85,4,28,3.044522438,3.713572067,1.684021252,1.862234035,NA,NA,0.369221505,760.5733359,760.5733359,760.5733359
P056,0-back,1.796663219,0.134473586,1.684469102,0.303210546,5.458909105,10,0,100,0,30,40,100,10,40,3.295836866,3.970291914,3.831819751,2.370886532,NA,NA,0.225288246,501.1518327,501.1518327,501.1518327
P056,1-back,1.985331778,0.330638662,0.788765395,0.404608898,5.141844359,10,0,100,0,30,40,100,10,40,3.295836866,3.970291914,3.831819751,2.370886532,NA,NA,0.225288246,605.2726886,605.2726886,605.2726886
P056,2-back,1.321149487,0.539626453,1.727663469,0.503042231,2.068874479,8,2,80,6,24,32,80,2,24,2.944438979,3.610917913,1.492851694,2.371831023,NA,NA,0.578531842,781.5951109,781.5951109,781.5951109
P056,3-back,1.437729682,0.510056033,2.078568029,0.488834077,2.995643794,10,0,100,5,25,35,87.5,5,30,3.091042453,3.761200116,2.472151896,7.856523747,NA,NA,0.833825883,755.2261755,755.2261755,755.2261755
P057,0-back,1.449747884,0.069229705,1.063222737,0.276883688,6.244369027,10,0,100,0,30,40,100,10,40,3.295836866,3.970291914,3.831819751,2.370886532,NA,NA,0.225288246,393.7521013,393.7521013,393.7521013
P057,1-back,1.70406667,0.272614647,1.932759958,0.332650084,4.329188177,10,0,100,1,29,39,97.5,9,38,3.258096538,3.931825633,3.278394615,4.966107882,NA,NA,0.488847927,575.3810042,575.3810042,575.3810042
P057,2-back,2.005293838,0.38470941,0.66180992,0.367509378,2.66644498,10,0,100,1,29,39,97.5,9,38,3.258096538,3.931825633,3.278394615,4.966107882,NA,NA,0.488847927,767.5873407,767.5873407,767.5873407
P057,3-back,1.537589071,0.363549357,1.435733716,0.416271327,1.738638554,5,5,50,2,28,33,82.5,3,26,2.995732274,3.663561646,1.476007403,1.44464169,NA,NA,0.24922729,801.7120814,801.7120814,801.7120814
P058,0-back,1.405400719,0.162032604,0.797223283,0.295425082,3.649802848,9,1,90,0,30,39,97.5,9,38,3.258096538,3.931825633,3.32079335,1.052970534,NA,NA,0.015543048,486.6224369,486.6224369,486.6224369
P058,1-back,1.624390322,0.237968067,2.097455984,0.323330781,3.602500321,7,3,70,2,28,35,87.5,5,30,3.091042453,3.761200116,1.904348509,1.69690851,NA,NA,0.277684505,566.6196847,566.6196847,566.6196847
P058,2-back,1.200115111,0.240272245,1.315093401,0.351081263,1.886217835,4,6,40,1,29,33,82.5,3,26,2.995732274,3.663561646,1.587739677,1.208698913,NA,NA,0.119380088,597.7245959,597.7245959,597.7245959
P058,3-back,1.354797583,0.250766943,1.86291767,0.271273661,2.19107519,5,5,50,2,28,33,82.5,3,26,2.995732274,3.663561646,1.476007403,1.44464169,NA,NA,0.24922729,553.505284,553.505284,553.505284
P059,0-back,1.05061558,0.044182849,0.898202605,0.246011282,3.201652742,8,2,80,0,30,38,95,8,36,3.218875825,3.891820298,3.027418978,0.786071085,NA,NA,-0.079509329,402.0350866,402.0350866,402.0350866
P059,1-back,1.163915162,0.08901477,1.61239146,0.273211082,3.247625217,8,2,80,1,29,37,92.5,7,34,3.17805383,3.850147602,2.454230527,1.596761119,NA,NA,0.190681874,450.6287081,450.6287081,450.6287081
P059,2-back,0.826285129,0.213629415,2.101812448,0.318073422,2.145060704,5,5,50,5,25,30,75,0,20,2.833213344,3.496507561,0.92524456,1.534245528,NA,NA,0.46262228,440.200456,440.200456,440.200456
P059,3-back,1.146053609,0.123823706,1.203212248,0.267830841,1.619222257,4,6,40,2,28,32,80,2,24,2.944438979,3.610917913,1.259906988,1.394342324,NA,NA,0.263847137,510.8853947,510.8853947,510.8853947
