CondFile,Instructions,LettersDisplayed,Correctness,Targets,ISI,Prompt_Looper.thisRepN,Prompt_Looper.thisTrialN,Prompt_Looper.thisN,Prompt_Looper.thisIndex,trials.thisRepN,trials.thisTrialN,trials.thisN,trials.thisIndex,InnerLoop.thisRepN,InnerLoop.thisTrialN,InnerLoop.thisN,InnerLoop.thisIndex,InstrKey1.keys,InstrKey1.rt,key_resp_8.keys,key_resp_8.rt,key_resp_9.keys,key_resp_9.rt,key_resp_4.keys,key_resp_4.rt,key_resp_3.keys,key_resp_3.rt,TextInstru.started,TextInstru.stopped,ContinueButton.keys,ContinueButton.rt,key_resp_7.keys,key_resp_7.rt,key_resp_5.keys,key_resp_5.rt,Scanner_control.keys,Scanner_control.rt,Scanner_control.started,Scanner_control.stopped,time_ScannerPromptBegin,time_ScannerPromptEnd,time_vol1,time_InitialRestBegin,time_InitialRestEnd,PreInstrWarning.started,PreInstrWarning.stopped,time_InstructionsBegin,time_InstructionsEnd,time_TransitionBegin,time_TaskStartTimer,N_backD.started,N_backD.stopped,key_resp.keys,key_resp.corr,key_resp.rt,key_resp.started,key_resp.stopped,Fixation.started,Fixation.stopped,time_trialBegin,time_trialEnd,time_TaskBlockEnd,FixationPoint.started,FixationPoint.stopped,time_RestBlockBegin,time_RestBlockEnd,PreInstrWarning2.started,PreInstrWarning2.stopped,EndExperimentText.started,EndExperimentText.stopped,participant,Task Version (1 or 2),Pre or post,date,expName,psychopyVersion,frameRate,
,,,,,,,,,,,,,,,,,,2,21.033570193169,,,,,,,,,,,,,,,,,,,,,,,,,,,,,,,,,,,,,,,,,,,,,,,,,,,,P013,1,NA,2023_Jun_12_1416,N-Back for Neuroimaging,2021.1.4,120.13656710331777,
,,,,,,,,,,,,,,,,,,,,1,1.1946111406741693,,,,,,,,,,,,,,,,,,,,,,,,,,,,,,,,,,,,,,,,,,,,,,,,,,P013,1,NA,2023_Jun_12_1416,N-Back for Neuroimaging,2021.1.4,120.13656710331777,
,,,,,,,,,,,,,,,,,,,,,,2,0.858424645201012,,,,,,,,,,,,,,,,,,,,,,,,,,,,,,,,,,,,,,,,,,,,,,,,P013,1,NA,2023_Jun_12_1416,N-Back for Neuroimaging,2021.1.4,120.13656710331777,
,,,,,,,,,,,,,,,,,,,,1,0.8428738177863124,,,,,,,,,,,,,,,,,,,,,,,,,,,,,,,,,,,,,,,,,,,,,,,,,,P013,1,NA,2023_Jun_12_1416,N-Back for Neuroimaging,2021.1.4,120.13656710331777,
,,,,,,,,,,,,,,,,,,,,,,,,1,7.420724525491096,,,,,,,,,,,,,,,,,,,,,,,,,,,,,,,,,,,,,,,,,,,,,,P013,1,NA,2023_Jun_12_1416,N-Back for Neuroimaging,2021.1.4,120.13656710331777,
,,,,,,,,,,,,,,,,,,,,,,,,,,2,4.85802872113527,,,,,,,,,,,,,,,,,,,,,,,,,,,,,,,,,,,,,,,,,,,,P013,1,NA,2023_Jun_12_1416,N-Back for Neuroimaging,2021.1.4,120.13656710331777,
,,,,,,,,,,,,,,,,,,,,,,,,,,,,47.60356555591352,None,2,6.870822075828983,,,,,,,,,,,,,,,,,,,,,,,,,,,,,,,,,,,,,,,,P013,1,NA,2023_Jun_12_1416,N-Back for Neuroimaging,2021.1.4,120.13656710331777,
,,,,,,,,,,,,,,,,,,,,,,,,,,,,,,,,2,6.461649015958756,,,,,,,,,,,,,,,,,,,,,,,,,,,,,,,,,,,,,,P013,1,NA,2023_Jun_12_1416,N-Back for Neuroimaging,2021.1.4,120.13656710331777,
,,,,,,,,,,,,,,,,,,,,,,,,,,,,,,,,,,2,2.3790703901995585,,,,,,,,,,,,,,,,,,,,,,,,,,,,,,,,,,,,P013,1,NA,2023_Jun_12_1416,N-Back for Neuroimaging,2021.1.4,120.13656710331777,
Conditions/Version_1/zeroback(1)_v1.xlsx,Rule: Press 'right' when you see the letter 'x' or 'X'.,P,1,Three,1.5,,,,,0,0,0,0,0,0,0,0,,,,,,,,,,,,,,,,,,,5,1.4901334665319155,100.9924789978304,None,91.18250668763358,92.68341501146278,92.68342029874293,92.68344611311659,112.67549341997801,121.47898601140878,None,115.26975864804808,121.6915372086205,121.69394976398507,124.68946148417672,134.6243831375541,135.12643817939716,1,1,0.8079115145483229,134.6243831375541,None,135.22602319001635,None,124.7235883969679,126.79028465167539,,,,,,,,,,P013,1,NA,2023_Jun_12_1416,N-Back for Neuroimaging,2021.1.4,120.13656710331777,
Conditions/Version_1/zeroback(1)_v1.xlsx,Rule: Press 'right' when you see the letter 'x' or 'X'.,B,1,Three,1.2,,,,,0,0,0,0,0,1,1,1,,,,,,,,,,,,,,,,,,,,,,,,,,,,,,,,,,136.69124112086683,137.19258486786384,1,1,0.5628786820871028,136.69124112086683,None,137.29103249096624,None,126.79248758188623,128.88424399496944,,,,,,,,,,P013,1,NA,2023_Jun_12_1416,N-Back for Neuroimaging,2021.1.4,120.13656710331777,
Conditions/Version_1/zeroback(1)_v1.xlsx,Rule: Press 'right' when you see the letter 'x' or 'X'.,t,1,Three,1,,,,,0,0,0,0,0,2,2,2,,,,,,,,,,,,,,,,,,,,,,,,,,,,,,,,,,138.79126466482012,139.29467978202774,1,1,0.39083396910427837,138.79126466482012,None,139.3861643666478,None,128.88756907288735,130.98218559414818,,,,,,,,,,P013,1,NA,2023_Jun_12_1416,N-Back for Neuroimaging,2021.1.4,120.13656710331777,
Conditions/Version_1/zeroback(1)_v1.xlsx,Rule: Press 'right' when you see the letter 'x' or 'X'.,x,2,Three,1,,,,,0,0,0,0,0,3,3,3,,,,,,,,,,,,,,,,,,,,,,,,,,,,,,,,,,140.88310380830444,141.38579176882376,2,1,0.43691324784413155,140.88310380830444,140.79364829564474,141.48323760762287,140.79364829564474,130.98441278364953,133.0796332990485,,,,,,,,,,P013,1,NA,2023_Jun_12_1416,N-Back for Neuroimaging,2021.1.4,120.13656710331777,
Conditions/Version_1/zeroback(1)_v1.xlsx,Rule: Press 'right' when you see the letter 'x' or 'X'.,T,1,Three,1.8,,,,,0,0,0,0,0,4,4,4,,,,,,,,,,,,,,,,,,,,,,,,,,,,,,,,,,142.9819305605797,143.4839489024689,1,1,0.39003465657515335,142.9819305605797,142.89120361227106,143.58116210089247,142.89120361227106,133.08226325498072,135.17551099241246,,,,,,,,,,P013,1,NA,2023_Jun_12_1416,N-Back for Neuroimaging,2021.1.4,120.13656710331777,
Conditions/Version_1/zeroback(1)_v1.xlsx,Rule: Press 'right' when you see the letter 'x' or 'X'.,t,1,Three,1.8,,,,,0,0,0,0,0,5,5,5,,,,,,,,,,,,,,,,,,,,,,,,,,,,,,,,,,145.07265191059014,145.57624119706634,1,1,0.49330832345549425,145.07265191059014,144.98834527688814,145.6733536261272,144.98834527688814,135.17696561680896,137.27043666412283,,,,,,,,,,P013,1,NA,2023_Jun_12_1416,N-Back for Neuroimaging,2021.1.4,120.13656710331777,
Conditions/Version_1/zeroback(1)_v1.xlsx,Rule: Press 'right' when you see the letter 'x' or 'X'.,X,2,Three,1.5,,,,,0,0,0,0,0,6,6,6,,,,,,,,,,,,,,,,,,,,,,,,,,,,,,,,,,147.1722705109969,147.6761555742105,2,1,0.4946609344242461,147.1722705109969,147.08180606065616,147.77351992667536,147.08180606065616,137.27270926204073,139.3702415634416,,,,,,,,,,P013,1,NA,2023_Jun_12_1416,N-Back for Neuroimaging,2021.1.4,120.13656710331777,
Conditions/Version_1/zeroback(1)_v1.xlsx,Rule: Press 'right' when you see the letter 'x' or 'X'.,g,1,Three,1,,,,,0,0,0,0,0,7,7,7,,,,,,,,,,,,,,,,,,,,,,,,,,,,,,,,,,149.27169379301267,149.7789241502178,1,1,0.45818957889241574,149.27169379301267,149.18158079136992,149.87059441171732,149.18158079136992,139.37253468845302,141.4616026744934,,,,,,,,,,P013,1,NA,2023_Jun_12_1416,N-Back for Neuroimaging,2021.1.4,120.13656710331777,
Conditions/Version_1/zeroback(1)_v1.xlsx,Rule: Press 'right' when you see the letter 'x' or 'X'.,G,1,Three,1.6,,,,,0,0,0,0,0,8,8,8,,,,,,,,,,,,,,,,,,,,,,,,,,,,,,,,,,151.3704633182424,151.87306046192862,1,1,0.43740154382248875,151.3704633182424,151.27850225626935,151.97044254233697,151.27850225626935,141.4667807890055,143.5606350087055,,,,,,,,,,P013,1,NA,2023_Jun_12_1416,N-Back for Neuroimaging,2021.1.4,120.13656710331777,
Conditions/Version_1/zeroback(1)_v1.xlsx,Rule: Press 'right' when you see the letter 'x' or 'X'.,x,2,Three,1.4,,,,,0,0,0,0,0,9,9,9,,,,,,,,,,,,,,,,,,,,,,,,,,,,,,,,,,153.46153114068693,153.96624848418287,2,1,0.552323402471302,153.46153114068693,155.4609389651796,154.0627180420397,153.37151424315925,143.5622333227475,145.66008192797926,,,,,,,,,,P013,1,NA,2023_Jun_12_1416,N-Back for Neuroimaging,2021.1.4,120.13656710331777,
Conditions/Version_1/zeroback(1)_v1.xlsx,Rule: Press 'right' when you see the letter 'x' or 'X'.,,,,,,,,,0,0,0,0,,,,,,,,,,,,,,,,,,,,,,,,,,,,,,,,,,,,,,,,,,,,,,,,,145.66019109478657,155.4705080113199,174.4750818206794,145.66020104731615,165.6549150100618,174.45800172489726,None,,,P013,1,NA,2023_Jun_12_1416,N-Back for Neuroimaging,2021.1.4,120.13656710331777,
Conditions/Version_1/oneback(1)_v1.xlsx,Rule: Press 'right' when you see the same letter that appeared 1 letter ago (1-back).    ,b,1,Two,1.6,,,,,0,1,1,1,0,0,0,0,,,,,,,,,,,,,,,,,,,,,,,,,,,,,,165.67058246868146,174.66073599577976,174.6610479453775,177.65998613488227,187.587275131149,188.09559342423927,1,1,1.2210867353624053,187.587275131149,None,188.18686029727542,None,177.68401776153223,179.76459219665594,,,,,,,,,,P013,1,NA,2023_Jun_12_1416,N-Back for Neuroimaging,2021.1.4,120.13656710331777,
Conditions/Version_1/oneback(1)_v1.xlsx,Rule: Press 'right' when you see the same letter that appeared 1 letter ago (1-back).    ,p,1,Two,1.1,,,,,0,1,1,1,0,1,1,1,,,,,,,,,,,,,,,,,,,,,,,,,,,,,,,,,,189.6710399740241,190.17383896745014,1,1,0.7012934867234435,189.6710399740241,None,190.26442409221272,191.66393604504628,179.7672597855908,181.86311819592993,,,,,,,,,,P013,1,NA,2023_Jun_12_1416,N-Back for Neuroimaging,2021.1.4,120.13656710331777,
Conditions/Version_1/oneback(1)_v1.xlsx,Rule: Press 'right' when you see the same letter that appeared 1 letter ago (1-back).    ,G,1,Two,1.8,,,,,0,1,1,1,0,2,2,2,,,,,,,,,,,,,,,,,,,,,,,,,,,,,,,,,,191.76199831864506,192.2617269567072,1,1,0.4192857629386708,191.76199831864506,None,192.36031484827254,193.76004793387074,181.86458526098795,183.95920706953075,,,,,,,,,,P013,1,NA,2023_Jun_12_1416,N-Back for Neuroimaging,2021.1.4,120.13656710331777,
Conditions/Version_1/oneback(1)_v1.xlsx,Rule: Press 'right' when you see the same letter that appeared 1 letter ago (1-back).    ,G,2,Two,1.9,,,,,0,1,1,1,0,3,3,3,,,,,,,,,,,,,,,,,,,,,,,,,,,,,,,,,,193.86002140415985,194.36178968874447,2,1,0.5482587272017554,193.86002140415985,193.76845999845136,194.46011850352625,None,183.9594757878276,186.05546327003321,,,,,,,,,,P013,1,NA,2023_Jun_12_1416,N-Back for Neuroimaging,2021.1.4,120.13656710331777,
Conditions/Version_1/oneback(1)_v1.xlsx,Rule: Press 'right' when you see the same letter that appeared 1 letter ago (1-back).    ,T,1,Two,1.4,,,,,0,1,1,1,0,4,4,4,,,,,,,,,,,,,,,,,,,,,,,,,,,,,,,,,,195.9606542295296,196.4679094680596,1,1,0.6505278106342303,195.9606542295296,195.8677193747444,196.5594500356583,195.8677193747444,186.05693437830632,188.1580623420232,,,,,,,,,,P013,1,NA,2023_Jun_12_1416,N-Back for Neuroimaging,2021.1.4,120.13656710331777,
Conditions/Version_1/oneback(1)_v1.xlsx,Rule: Press 'right' when you see the same letter that appeared 1 letter ago (1-back).    ,g,1,Two,1,,,,,0,1,1,1,0,5,5,5,,,,,,,,,,,,,,,,,,,,,,,,,,,,,,,,,,198.0598597999615,198.56329793239274,1,1,0.8081948506242043,198.0598597999615,197.9683733492402,198.65956377441034,197.9683733492402,188.15951012405458,190.25760007812642,,,,,,,,,,P013,1,NA,2023_Jun_12_1416,N-Back for Neuroimaging,2021.1.4,120.13656710331777,
Conditions/Version_1/oneback(1)_v1.xlsx,Rule: Press 'right' when you see the same letter that appeared 1 letter ago (1-back).    ,P,1,Two,1.4,,,,,0,1,1,1,0,6,6,6,,,,,,,,,,,,,,,,,,,,,,,,,,,,,,,,,,200.15954495790902,200.66326456031857,1,1,0.6525858071327093,200.15954495790902,200.06836392544028,200.75953351250064,200.06836392544028,190.2592024353835,192.34971727040647,,,,,,,,,,P013,1,NA,2023_Jun_12_1416,N-Back for Neuroimaging,2021.1.4,120.13656710331777,
Conditions/Version_1/oneback(1)_v1.xlsx,Rule: Press 'right' when you see the same letter that appeared 1 letter ago (1-back).    ,V,1,Two,1.5,,,,,0,1,1,1,0,7,7,7,,,,,,,,,,,,,,,,,,,,,,,,,,,,,,,,,,202.25078694962212,202.75426924640487,1,1,0.5673035145173344,202.25078694962212,202.16188504641832,202.85404459915117,202.16188504641832,192.3527425283719,194.44408031318017,,,,,,,,,,P013,1,NA,2023_Jun_12_1416,N-Back for Neuroimaging,2021.1.4,120.13656710331777,
Conditions/Version_1/oneback(1)_v1.xlsx,Rule: Press 'right' when you see the same letter that appeared 1 letter ago (1-back).    ,b,1,Two,1.9,,,,,0,1,1,1,0,8,8,8,,,,,,,,,,,,,,,,,,,,,,,,,,,,,,,,,,204.3418728110264,204.84913489191968,1,1,0.46021709576962166,204.3418728110264,204.25735810725382,204.9405827765877,204.25735810725382,194.44560149511744,196.53392863974113,,,,,,,,,,P013,1,NA,2023_Jun_12_1416,N-Back for Neuroimaging,2021.1.4,120.13656710331777,
Conditions/Version_1/oneback(1)_v1.xlsx,Rule: Press 'right' when you see the same letter that appeared 1 letter ago (1-back).    ,B,2,Two,1.8,,,,,0,1,1,1,0,9,9,9,,,,,,,,,,,,,,,,,,,,,,,,,,,,,,,,,,206.43286163526864,206.94019182878765,2,1,0.6441457510627515,206.43286163526864,206.34467693622537,207.03174483704788,208.43144526590913,196.53540254716245,198.6306174642632,,,,,,,,,,P013,1,NA,2023_Jun_12_1416,N-Back for Neuroimaging,2021.1.4,120.13656710331777,
Conditions/Version_1/oneback(1)_v1.xlsx,Rule: Press 'right' when you see the same letter that appeared 1 letter ago (1-back).    ,,,,,,,,,0,1,1,1,,,,,,,,,,,,,,,,,,,,,,,,,,,,,,,,,,,,,,,,,,,,,,,,,198.63071263532584,208.4401947834449,227.44447094996576,198.63072320988977,218.61833542077147,227.42768445380716,None,,,P013,1,NA,2023_Jun_12_1416,N-Back for Neuroimaging,2021.1.4,120.13656710331777,
Conditions/Version_1/twoback(1)_v1.xlsx,Rule: Press 'right' when you see the same letter that appeared 2 letters ago (2-back).  ,B,1,Two,1.1,,,,,0,2,2,2,0,0,0,0,,,,,,,,,,,,,,,,,,,,,,,,,,,,,,218.62848202464193,227.63563074000376,227.6359389574027,230.6388678002386,240.582101059852,241.08695369554516,None,0,,240.582101059852,None,241.17630563969396,None,230.67777037212727,232.7349840432962,,,,,,,,,,P013,1,NA,2023_Jun_12_1416,N-Back for Neuroimaging,2021.1.4,120.13656710331777,
Conditions/Version_1/twoback(1)_v1.xlsx,Rule: Press 'right' when you see the same letter that appeared 2 letters ago (2-back).  ,g,1,Two,1.7,,,,,0,2,2,2,0,1,1,1,,,,,,,,,,,,,,,,,,,,,,,,,,,,,,,,,,242.6425188234989,243.14543102694915,None,0,,242.6425188234989,None,243.23294766244726,244.6351999820854,232.73655063364822,234.8342956703691,,,,,,,,,,P013,1,NA,2023_Jun_12_1416,N-Back for Neuroimaging,2021.1.4,120.13656710331777,
Conditions/Version_1/twoback(1)_v1.xlsx,Rule: Press 'right' when you see the same letter that appeared 2 letters ago (2-back).  ,v,1,Two,1.4,,,,,0,2,2,2,0,2,2,2,,,,,,,,,,,,,,,,,,,,,,,,,,,,,,,,,,244.74024862040824,245.24185984163705,1,1,0.6541188076989783,244.74024862040824,None,245.33923352459897,None,234.83709575235298,236.93797085961523,,,,,,,,,,P013,1,NA,2023_Jun_12_1416,N-Back for Neuroimaging,2021.1.4,120.13656710331777,
Conditions/Version_1/twoback(1)_v1.xlsx,Rule: Press 'right' when you see the same letter that appeared 2 letters ago (2-back).  ,g,2,Two,1.7,,,,,0,2,2,2,0,3,3,3,,,,,,,,,,,,,,,,,,,,,,,,,,,,,,,,,,246.83990112161882,247.34209798700795,2,1,0.6084093276349449,246.83990112161882,None,247.4392592456661,None,236.93941615351468,239.03736397302418,,,,,,,,,,P013,1,NA,2023_Jun_12_1416,N-Back for Neuroimaging,2021.1.4,120.13656710331777,
Conditions/Version_1/twoback(1)_v1.xlsx,Rule: Press 'right' when you see the same letter that appeared 2 letters ago (2-back).  ,B,1,Two,1.2,,,,,0,2,2,2,0,4,4,4,,,,,,,,,,,,,,,,,,,,,,,,,,,,,,,,,,248.93948395512234,249.44310465427043,None,0,,248.93948395512234,None,249.5395188511793,None,239.0388232626683,241.1295303059178,,,,,,,,,,P013,1,NA,2023_Jun_12_1416,N-Back for Neuroimaging,2021.1.4,120.13656710331777,
Conditions/Version_1/twoback(1)_v1.xlsx,Rule: Press 'right' when you see the same letter that appeared 2 letters ago (2-back).  ,T,1,Two,1.4,,,,,0,2,2,2,0,5,5,5,,,,,,,,,,,,,,,,,,,,,,,,,,,,,,,,,,251.0305107233835,251.5322488393649,1,1,1.1728620644717012,251.0305107233835,250.9399050715292,251.62952486313043,250.9399050715292,241.13099052861253,243.22293635077403,,,,,,,,,,P013,1,NA,2023_Jun_12_1416,N-Back for Neuroimaging,2021.1.4,120.13656710331777,
Conditions/Version_1/twoback(1)_v1.xlsx,Rule: Press 'right' when you see the same letter that appeared 2 letters ago (2-back).  ,t,1,Two,1.8,,,,,0,2,2,2,0,6,6,6,,,,,,,,,,,,,,,,,,,,,,,,,,,,,,,,,,253.12175147103153,253.62531618719913,1,1,0.9826151080033014,253.12175147103153,253.03400841548682,253.72172976207548,253.03400841548682,243.22468364174165,245.3130042550165,,,,,,,,,,P013,1,NA,2023_Jun_12_1416,N-Back for Neuroimaging,2021.1.4,120.13656710331777,
Conditions/Version_1/twoback(1)_v1.xlsx,Rule: Press 'right' when you see the same letter that appeared 2 letters ago (2-back).  ,D,1,Two,1.9,,,,,0,2,2,2,0,7,7,7,,,,,,,,,,,,,,,,,,,,,,,,,,,,,,,,,,255.22125312921526,255.72332838713373,1,1,0.5980064461291477,255.22125312921526,255.12529519358213,255.820226214777,257.21961873725377,245.31613930182357,247.41885842619922,,,,,,,,,,P013,1,NA,2023_Jun_12_1416,N-Back for Neuroimaging,2021.1.4,120.13656710331777,
Conditions/Version_1/twoback(1)_v1.xlsx,Rule: Press 'right' when you see the same letter that appeared 2 letters ago (2-back).  ,v,1,Two,1.2,,,,,0,2,2,2,0,8,8,8,,,,,,,,,,,,,,,,,,,,,,,,,,,,,,,,,,257.3213161722706,257.82446754744524,2,0,0.7078431842128339,257.3213161722706,257.22950128807497,257.9219693692248,None,247.4205721273811,249.51938923814305,,,,,,,,,,P013,1,NA,2023_Jun_12_1416,N-Back for Neuroimaging,2021.1.4,120.13656710331777,
Conditions/Version_1/twoback(1)_v1.xlsx,Rule: Press 'right' when you see the same letter that appeared 2 letters ago (2-back).  ,D,2,Two,1.3,,,,,0,2,2,2,0,9,9,9,,,,,,,,,,,,,,,,,,,,,,,,,,,,,,,,,,259.4202754175949,259.9232184116827,1,0,1.1481337607528985,259.4202754175949,259.33011576347053,260.01996881748164,259.33011576347053,249.52089144806996,251.61761821661094,,,,,,,,,,P013,1,NA,2023_Jun_12_1416,N-Back for Neuroimaging,2021.1.4,120.13656710331777,
Conditions/Version_1/twoback(1)_v1.xlsx,Rule: Press 'right' when you see the same letter that appeared 2 letters ago (2-back).  ,,,,,,,,,0,2,2,2,,,,,,,,,,,,,,,,,,,,,,,,,,,,,,,,,,,,,,,,,,,,,,,,,251.61770903344404,261.42713022231874,280.4320393075159,251.61771867495736,271.6044830547289,280.414391606535,None,,,P013,1,NA,2023_Jun_12_1416,N-Back for Neuroimaging,2021.1.4,120.13656710331777,
Conditions/Version_1/threeback(1)_v1.xlsx,Rule: Press 'right' when you see the same letter that appeared 3 letters ago (3-back).   ,B,1,Two,1.7,,,,,0,3,3,3,0,0,0,0,,,,,,,,,,,,,,,,,,,,,,,,,,,,,,271.61457896290267,280.6182797488091,280.6185686831832,283.61764620810027,293.5539158071988,294.060748685255,None,0,,293.5539158071988,None,294.1523785146037,None,283.648429070965,285.7228531538476,,,,,,,,,,P013,1,NA,2023_Jun_12_1416,N-Back for Neuroimaging,2021.1.4,120.13656710331777,
Conditions/Version_1/threeback(1)_v1.xlsx,Rule: Press 'right' when you see the same letter that appeared 3 letters ago (3-back).   ,g,1,Two,1.4,,,,,0,3,3,3,0,1,1,1,,,,,,,,,,,,,,,,,,,,,,,,,,,,,,,,,,295.6278811406719,296.1312377867689,1,1,0.5127614755001559,295.6278811406719,None,296.2273813992815,None,285.72455907961375,287.82278930215034,,,,,,,,,,P013,1,NA,2023_Jun_12_1416,N-Back for Neuroimaging,2021.1.4,120.13656710331777,
Conditions/Version_1/threeback(1)_v1.xlsx,Rule: Press 'right' when you see the same letter that appeared 3 letters ago (3-back).   ,t,1,Two,1.1,,,,,0,3,3,3,0,2,2,2,,,,,,,,,,,,,,,,,,,,,,,,,,,,,,,,,,297.7278738939858,298.2311779782867,1,1,0.23669447880456573,297.7278738939858,None,298.31986901227174,299.72610669795904,287.8243104840876,289.9252477946593,,,,,,,,,,P013,1,NA,2023_Jun_12_1416,N-Back for Neuroimaging,2021.1.4,120.13656710331777,
Conditions/Version_1/threeback(1)_v1.xlsx,Rule: Press 'right' when you see the same letter that appeared 3 letters ago (3-back).   ,b,2,Two,1.8,,,,,0,3,3,3,0,3,3,3,,,,,,,,,,,,,,,,,,,,,,,,,,,,,,,,,,299.8270940821949,300.3272155341565,2,1,0.45253592007975385,299.8270940821949,None,300.42718558326305,None,289.9267294774945,292.0203781152577,,,,,,,,,,P013,1,NA,2023_Jun_12_1416,N-Back for Neuroimaging,2021.1.4,120.13656710331777,
Conditions/Version_1/threeback(1)_v1.xlsx,Rule: Press 'right' when you see the same letter that appeared 3 letters ago (3-back).   ,B,1,Two,1.2,,,,,0,3,3,3,0,4,4,4,,,,,,,,,,,,,,,,,,,,,,,,,,,,,,,,,,301.9184219144754,302.42547903546256,1,1,0.8190253798838967,301.9184219144754,None,302.5177750622588,303.9172338312601,292.0219207573373,294.11640634063224,,,,,,,,,,P013,1,NA,2023_Jun_12_1416,N-Back for Neuroimaging,2021.1.4,120.13656710331777,
Conditions/Version_1/threeback(1)_v1.xlsx,Rule: Press 'right' when you see the same letter that appeared 3 letters ago (3-back).   ,v,1,Two,1.6,,,,,0,3,3,3,0,5,5,5,,,,,,,,,,,,,,,,,,,,,,,,,,,,,,,,,,304.0179148641964,304.5249007623952,1,1,0.6216066928282089,304.0179148641964,303.92703676184465,304.6166590415778,306.01631561710565,294.11789517684883,296.2155036773038,,,,,,,,,,P013,1,NA,2023_Jun_12_1416,N-Back for Neuroimaging,2021.1.4,120.13656710331777,
Conditions/Version_1/threeback(1)_v1.xlsx,Rule: Press 'right' when you see the same letter that appeared 3 letters ago (3-back).   ,V,1,Two,1.9,,,,,0,3,3,3,0,6,6,6,,,,,,,,,,,,,,,,,,,,,,,,,,,,,,,,,,306.11752693325616,306.6244058417615,1,1,0.5869787323772471,306.11752693325616,306.02593069369505,306.7160166991016,None,296.21696856524613,298.3115154187999,,,,,,,,,,P013,1,NA,2023_Jun_12_1416,N-Back for Neuroimaging,2021.1.4,120.13656710331777,
Conditions/Version_1/threeback(1)_v1.xlsx,Rule: Press 'right' when you see the same letter that appeared 3 letters ago (3-back).   ,b,1,Two,1.2,,,,,0,3,3,3,0,7,7,7,,,,,,,,,,,,,,,,,,,,,,,,,,,,,,,,,,308.216894854324,308.71973770108343,2,0,0.8595760284624703,308.216894854324,308.1238810013365,308.80794634840095,310.2118318159355,298.3130589939301,300.41101583291857,,,,,,,,,,P013,1,NA,2023_Jun_12_1416,N-Back for Neuroimaging,2021.1.4,120.13656710331777,
Conditions/Version_1/threeback(1)_v1.xlsx,Rule: Press 'right' when you see the same letter that appeared 3 letters ago (3-back).   ,B,1,Two,1.2,,,,,0,3,3,3,0,8,8,8,,,,,,,,,,,,,,,,,,,,,,,,,,,,,,,,,,310.31637971761666,310.82355564692625,1,1,0.48706031201800215,310.31637971761666,310.22347129923764,310.91530615069496,None,300.41253203859196,302.50718308268915,,,,,,,,,,P013,1,NA,2023_Jun_12_1416,N-Back for Neuroimaging,2021.1.4,120.13656710331777,
Conditions/Version_1/threeback(1)_v1.xlsx,Rule: Press 'right' when you see the same letter that appeared 3 letters ago (3-back).   ,V,2,Two,1.7,,,,,0,3,3,3,0,9,9,9,,,,,,,,,,,,,,,,,,,,,,,,,,,,,,,,,,312.4076269966099,312.914523944075,1,0,0.7397852057511045,312.4076269966099,312.3181344729819,313.006142576829,314.4059313343896,302.5086995993788,304.6050926471635,,,,,,,,,,P013,1,NA,2023_Jun_12_1416,N-Back for Neuroimaging,2021.1.4,120.13656710331777,
Conditions/Version_1/threeback(1)_v1.xlsx,Rule: Press 'right' when you see the same letter that appeared 3 letters ago (3-back).   ,,,,,,,,,0,3,3,3,,,,,,,,,,,,,,,,,,,,,,,,,,,,,,,,,,,,,,,,,,,,,,,,,304.60518657416105,314.41461647149845,333.4188920159886,304.60519714872316,324.5914160054708,333.40156994933204,None,,,P013,1,NA,2023_Jun_12_1416,N-Back for Neuroimaging,2021.1.4,120.13656710331777,
Conditions/Version_1/oneback(2)_v1.xlsx,Rule: Press 'right' when you see the same letter that appeared 1 letter ago (1-back).    ,b,1,Three,1.1,,,,,0,4,4,4,0,0,0,0,,,,,,,,,,,,,,,,,,,,,,,,,,,,,,324.60194142749606,333.6055464203073,333.6058869834287,336.6132596307052,346.540820144417,347.04861841784077,None,0,,346.540820144417,None,347.13958142770935,None,336.6368623655344,338.7136041437352,,,,,,,,,,P013,1,NA,2023_Jun_12_1416,N-Back for Neuroimaging,2021.1.4,120.13656710331777,
Conditions/Version_1/oneback(2)_v1.xlsx,Rule: Press 'right' when you see the same letter that appeared 1 letter ago (1-back).    ,B,2,Three,1.1,,,,,0,4,4,4,0,1,1,1,,,,,,,,,,,,,,,,,,,,,,,,,,,,,,,,,,348.6151335054092,349.1231488683825,2,1,0.5077270506335481,348.6151335054092,None,349.2144745235455,350.61375134786795,338.7155974487923,340.81290768437793,,,,,,,,,,P013,1,NA,2023_Jun_12_1416,N-Back for Neuroimaging,2021.1.4,120.13656710331777,
Conditions/Version_1/oneback(2)_v1.xlsx,Rule: Press 'right' when you see the same letter that appeared 1 letter ago (1-back).    ,P,1,Three,1.9,,,,,0,4,4,4,0,2,2,2,,,,,,,,,,,,,,,,,,,,,,,,,,,,,,,,,,350.71446783669126,351.22193270037315,1,1,0.4262500454860856,350.71446783669126,None,351.31368413719247,352.71324678572273,340.81434551388156,342.91238415022235,,,,,,,,,,P013,1,NA,2023_Jun_12_1416,N-Back for Neuroimaging,2021.1.4,120.13656710331777,
Conditions/Version_1/oneback(2)_v1.xlsx,Rule: Press 'right' when you see the same letter that appeared 1 letter ago (1-back).    ,v,1,Three,1.6,,,,,0,4,4,4,0,3,3,3,,,,,,,,,,,,,,,,,,,,,,,,,,,,,,,,,,352.8145650915649,353.3166733172384,1,1,0.6053004062196123,352.8145650915649,None,353.4138557250226,None,342.9138605457774,345.00608534978346,,,,,,,,,,P013,1,NA,2023_Jun_12_1416,N-Back for Neuroimaging,2021.1.4,120.13656710331777,
Conditions/Version_1/oneback(2)_v1.xlsx,Rule: Press 'right' when you see the same letter that appeared 1 letter ago (1-back).    ,T,1,Three,1.8,,,,,0,4,4,4,0,4,4,4,,,,,,,,,,,,,,,,,,,,,,,,,,,,,,,,,,354.90545314644623,355.4066105945294,1,1,0.5306747846134385,354.90545314644623,None,355.5060005977739,None,345.0076012444388,347.09709221298544,,,,,,,,,,P013,1,NA,2023_Jun_12_1416,N-Back for Neuroimaging,2021.1.4,120.13656710331777,
Conditions/Version_1/oneback(2)_v1.xlsx,Rule: Press 'right' when you see the same letter that appeared 1 letter ago (1-back).    ,G,1,Three,1.4,,,,,0,4,4,4,0,5,5,5,,,,,,,,,,,,,,,,,,,,,,,,,,,,,,,,,,356.99677911262734,357.5039267394295,1,1,0.47688385056062543,356.99677911262734,356.90783117897445,357.5959462725132,358.9956078243049,347.09861526102213,349.19474892100516,,,,,,,,,,P013,1,NA,2023_Jun_12_1416,N-Back for Neuroimaging,2021.1.4,120.13656710331777,
Conditions/Version_1/oneback(2)_v1.xlsx,Rule: Press 'right' when you see the same letter that appeared 1 letter ago (1-back).    ,V,1,Three,1.7,,,,,0,4,4,4,0,6,6,6,,,,,,,,,,,,,,,,,,,,,,,,,,,,,,,,,,359.0959716203615,359.59771160244236,1,1,0.5867874571995344,359.0959716203615,359.0053208711088,359.6951795234163,None,349.1961973250709,351.28964131394423,,,,,,,,,,P013,1,NA,2023_Jun_12_1416,N-Back for Neuroimaging,2021.1.4,120.13656710331777,
Conditions/Version_1/oneback(2)_v1.xlsx,Rule: Press 'right' when you see the same letter that appeared 1 letter ago (1-back).    ,v,2,Three,1.4,,,,,0,4,4,4,0,7,7,7,,,,,,,,,,,,,,,,,,,,,,,,,,,,,,,,,,361.1873660101828,361.69087567642237,2,1,0.5703813342788635,361.1873660101828,361.10279750054724,361.78725379541356,363.18580066389586,351.29111926458245,353.3849722402174,,,,,,,,,,P013,1,NA,2023_Jun_12_1416,N-Back for Neuroimaging,2021.1.4,120.13656710331777,
Conditions/Version_1/oneback(2)_v1.xlsx,Rule: Press 'right' when you see the same letter that appeared 1 letter ago (1-back).    ,P,1,Three,1.4,,,,,0,4,4,4,0,8,8,8,,,,,,,,,,,,,,,,,,,,,,,,,,,,,,,,,,363.2868760658148,363.79494772278304,1,1,0.4957980109247728,363.2868760658148,363.1956561562765,363.8861996670257,None,353.3866806541173,355.4773202067754,,,,,,,,,,P013,1,NA,2023_Jun_12_1416,N-Back for Neuroimaging,2021.1.4,120.13656710331777,
Conditions/Version_1/oneback(2)_v1.xlsx,Rule: Press 'right' when you see the same letter that appeared 1 letter ago (1-back).    ,P,2,Three,1.2,,,,,0,4,4,4,0,9,9,9,,,,,,,,,,,,,,,,,,,,,,,,,,,,,,,,,,365.3769417929416,365.88187840310457,2,1,0.5926628708130011,365.3769417929416,365.2866592872815,365.978508756516,365.2866592872815,355.47759514540485,357.5690759978261,,,,,,,,,,P013,1,NA,2023_Jun_12_1416,N-Back for Neuroimaging,2021.1.4,120.13656710331777,
Conditions/Version_1/oneback(2)_v1.xlsx,Rule: Press 'right' when you see the same letter that appeared 1 letter ago (1-back).    ,,,,,,,,,0,4,4,4,,,,,,,,,,,,,,,,,,,,,,,,,,,,,,,,,,,,,,,,,,,,,,,,,357.5691665036411,367.37871023303524,386.3808192362485,357.5691764561707,377.55381752596804,386.363829646285,None,,,P013,1,NA,2023_Jun_12_1416,N-Back for Neuroimaging,2021.1.4,120.13656710331777,
Conditions/Version_1/zeroback(2)_v1.xlsx,Rule: Press 'right' when you see the letter 'x' or 'X'.,p,1,Two,1.5,,,,,0,5,5,5,0,0,0,0,,,,,,,,,,,,,,,,,,,,,,,,,,,,,,377.5599495282331,386.5724943807072,386.57280446420737,389.5754683209416,399.48657979145173,399.9895143880931,1,1,0.4294404532374756,399.48657979145173,None,400.085571849022,None,389.5847580742229,391.6762333283459,,,,,,,,,,P013,1,NA,2023_Jun_12_1416,N-Back for Neuroimaging,2021.1.4,120.13656710331777,
Conditions/Version_1/zeroback(2)_v1.xlsx,Rule: Press 'right' when you see the letter 'x' or 'X'.,G,1,Two,1,,,,,0,5,5,5,0,1,1,1,,,,,,,,,,,,,,,,,,,,,,,,,,,,,,,,,,401.577509522549,402.07841224808,1,1,0.4786560228512826,401.577509522549,None,402.1768919058886,None,391.6777106569498,393.7720519285667,,,,,,,,,,P013,1,NA,2023_Jun_12_1416,N-Back for Neuroimaging,2021.1.4,120.13656710331777,
Conditions/Version_1/zeroback(2)_v1.xlsx,Rule: Press 'right' when you see the letter 'x' or 'X'.,G,1,Two,1.7,,,,,0,5,5,5,0,2,2,2,,,,,,,,,,,,,,,,,,,,,,,,,,,,,,,,,,403.66757587171014,404.169463897666,1,1,0.39842152881465154,403.66757587171014,None,404.2678838402953,None,393.7723312214275,395.8600637024083,,,,,,,,,,P013,1,NA,2023_Jun_12_1416,N-Back for Neuroimaging,2021.1.4,120.13656710331777,
Conditions/Version_1/zeroback(2)_v1.xlsx,Rule: Press 'right' when you see the letter 'x' or 'X'.,v,1,Two,1.2,,,,,0,5,5,5,0,3,3,3,,,,,,,,,,,,,,,,,,,,,,,,,,,,,,,,,,405.7600317610104,406.26159664077204,1,1,0.5348775512284192,405.7600317610104,405.6706188576172,406.3592807182504,405.6706188576172,395.86153729881516,397.9577751493416,,,,,,,,,,P013,1,NA,2023_Jun_12_1416,N-Back for Neuroimaging,2021.1.4,120.13656710331777,
Conditions/Version_1/zeroback(2)_v1.xlsx,Rule: Press 'right' when you see the letter 'x' or 'X'.,T,1,Two,1,,,,,0,5,5,5,0,4,4,4,,,,,,,,,,,,,,,,,,,,,,,,,,,,,,,,,,407.85899225040157,408.36645151578523,1,1,0.487867710977298,407.85899225040157,407.7682976478136,408.45817185095075,407.7682976478136,397.9592496787973,400.052497416229,,,,,,,,,,P013,1,NA,2023_Jun_12_1416,N-Back for Neuroimaging,2021.1.4,120.13656710331777,
Conditions/Version_1/zeroback(2)_v1.xlsx,Rule: Press 'right' when you see the letter 'x' or 'X'.,b,1,Two,1.6,,,,,0,5,5,5,0,5,5,5,,,,,,,,,,,,,,,,,,,,,,,,,,,,,,,,,,409.9504684375752,410.45059299970126,1,1,0.4804337934419891,409.9504684375752,409.8630074740395,410.54921448105597,409.8630074740395,400.0540157990181,402.14365916567294,,,,,,,,,,P013,1,NA,2023_Jun_12_1416,N-Back for Neuroimaging,2021.1.4,120.13656710331777,
Conditions/Version_1/zeroback(2)_v1.xlsx,Rule: Press 'right' when you see the letter 'x' or 'X'.,x,2,Two,1.2,,,,,0,5,5,5,0,6,6,6,,,,,,,,,,,,,,,,,,,,,,,,,,,,,,,,,,412.04162365567026,412.54383856001914,2,1,0.4422907239622873,412.04162365567026,411.95411697270174,412.6404147965495,411.95411697270174,402.145156399336,404.2355797954933,,,,,,,,,,P013,1,NA,2023_Jun_12_1416,N-Back for Neuroimaging,2021.1.4,120.13656710331777,
Conditions/Version_1/zeroback(2)_v1.xlsx,Rule: Press 'right' when you see the letter 'x' or 'X'.,X,2,Two,1.7,,,,,0,5,5,5,0,7,7,7,,,,,,,,,,,,,,,,,,,,,,,,,,,,,,,,,,414.14126713740006,414.64184485063925,2,1,0.5014762400460313,414.14126713740006,414.0483095784075,414.7332143591375,416.1396523394815,404.2371351892507,406.33895018852127,,,,,,,,,,P013,1,NA,2023_Jun_12_1416,N-Back for Neuroimaging,2021.1.4,120.13656710331777,
Conditions/Version_1/zeroback(2)_v1.xlsx,Rule: Press 'right' when you see the letter 'x' or 'X'.,d,1,Two,1.2,,,,,0,5,5,5,0,8,8,8,,,,,,,,,,,,,,,,,,,,,,,,,,,,,,,,,,416.24817814281414,416.7477730437604,1,1,0.419663026012131,416.24817814281414,416.1525131847702,416.8483234497453,None,406.3432649210954,408.4384160798036,,,,,,,,,,P013,1,NA,2023_Jun_12_1416,N-Back for Neuroimaging,2021.1.4,120.13656710331777,
Conditions/Version_1/zeroback(2)_v1.xlsx,Rule: Press 'right' when you see the letter 'x' or 'X'.,V,1,Two,1,,,,,0,5,5,5,0,9,9,9,,,,,,,,,,,,,,,,,,,,,,,,,,,,,,,,,,418.33913088913687,418.83895500927974,1,1,0.44366541710587626,418.33913088913687,418.2488583360064,418.9395371389528,418.2488583360064,408.43992482107933,410.5330509510404,,,,,,,,,,P013,1,NA,2023_Jun_12_1416,N-Back for Neuroimaging,2021.1.4,120.13656710331777,
Conditions/Version_1/zeroback(2)_v1.xlsx,Rule: Press 'right' when you see the letter 'x' or 'X'.,,,,,,,,,0,5,5,5,,,,,,,,,,,,,,,,,,,,,,,,,,,,,,,,,,,,,,,,,,,,,,,,,410.5331430119404,420.34292964525775,439.34249017887487,410.53315327548626,430.52408309988823,439.33419816668174,None,,,P013,1,NA,2023_Jun_12_1416,N-Back for Neuroimaging,2021.1.4,120.13656710331777,
Conditions/Version_1/threeback(2)_v1.xlsx,Rule: Press 'right' when you see the same letter that appeared 3 letters ago (3-back).   ,V,1,Three,1.7,,,,,0,6,6,6,0,0,0,0,,,,,,,,,,,,,,,,,,,,,,,,,,,,,,430.53444181704435,439.5344890915603,439.53479544285983,442.5376726569484,452.43919548727536,452.9425745265635,None,0,,452.43919548727536,None,453.0389632201168,None,442.54600852247495,444.6312755752788,,,,,,,,,,P013,1,NA,2023_Jun_12_1416,N-Back for Neuroimaging,2021.1.4,120.13656710331777,
Conditions/Version_1/threeback(2)_v1.xlsx,Rule: Press 'right' when you see the same letter that appeared 3 letters ago (3-back).   ,P,1,Three,1.4,,,,,0,6,6,6,0,1,1,1,,,,,,,,,,,,,,,,,,,,,,,,,,,,,,,,,,454.5311459746845,455.0338376674008,None,0,,454.5311459746845,454.44191035072436,455.13199293494836,454.44191035072436,444.6328390554663,446.7244524009384,,,,,,,,,,P013,1,NA,2023_Jun_12_1416,N-Back for Neuroimaging,2021.1.4,120.13656710331777,
Conditions/Version_1/threeback(2)_v1.xlsx,Rule: Press 'right' when you see the same letter that appeared 3 letters ago (3-back).   ,G,1,Three,1.8,,,,,0,6,6,6,0,2,2,2,,,,,,,,,,,,,,,,,,,,,,,,,,,,,,,,,,456.62280224043934,457.12378551925576,None,0,,456.62280224043934,456.5350573187952,457.2219398537545,456.5350573187952,446.7259104465156,448.81998362186823,,,,,,,,,,P013,1,NA,2023_Jun_12_1416,N-Back for Neuroimaging,2021.1.4,120.13656710331777,
Conditions/Version_1/threeback(2)_v1.xlsx,Rule: Press 'right' when you see the same letter that appeared 3 letters ago (3-back).   ,B,1,Three,1.9,,,,,0,6,6,6,0,3,3,3,,,,,,,,,,,,,,,,,,,,,,,,,,,,,,,,,,458.7219319228316,459.2293762594236,1,1,0.8703617713399581,458.7219319228316,458.63015902587176,459.3211168106627,460.72046019252593,448.8214121208748,450.91967966539596,,,,,,,,,,P013,1,NA,2023_Jun_12_1416,N-Back for Neuroimaging,2021.1.4,120.13656710331777,
Conditions/Version_1/threeback(2)_v1.xlsx,Rule: Press 'right' when you see the same letter that appeared 3 letters ago (3-back).   ,p,2,Three,1.2,,,,,0,6,6,6,0,4,4,4,,,,,,,,,,,,,,,,,,,,,,,,,,,,,,,,,,460.82217442243564,461.321791716573,2,1,0.6812630879649078,460.82217442243564,460.7300550530399,461.42047788936725,462.8210177518922,450.92114890756966,453.0202188747844,,,,,,,,,,P013,1,NA,2023_Jun_12_1416,N-Back for Neuroimaging,2021.1.4,120.13656710331777,
Conditions/Version_1/threeback(2)_v1.xlsx,Rule: Press 'right' when you see the same letter that appeared 3 letters ago (3-back).   ,D,1,Three,1.4,,,,,0,6,6,6,0,5,5,5,,,,,,,,,,,,,,,,,,,,,,,,,,,,,,,,,,462.9212285278063,463.4247758270485,1,1,0.708873271019911,462.9212285278063,462.83080419860016,463.5212730653766,None,453.0217534304338,455.11398632087,,,,,,,,,,P013,1,NA,2023_Jun_12_1416,N-Back for Neuroimaging,2021.1.4,120.13656710331777,
Conditions/Version_1/threeback(2)_v1.xlsx,Rule: Press 'right' when you see the same letter that appeared 3 letters ago (3-back).   ,b,2,Three,1.6,,,,,0,6,6,6,0,6,6,6,,,,,,,,,,,,,,,,,,,,,,,,,,,,,,,,,,465.01235762051147,465.51534757809895,2,1,0.44261791337157774,465.01235762051147,464.92473648345367,465.61354047864916,464.92473648345367,455.1154969282452,457.20683689016914,,,,,,,,,,P013,1,NA,2023_Jun_12_1416,N-Back for Neuroimaging,2021.1.4,120.13656710331777,
Conditions/Version_1/threeback(2)_v1.xlsx,Rule: Press 'right' when you see the same letter that appeared 3 letters ago (3-back).   ,a,1,Three,1.2,,,,,0,6,6,6,0,7,7,7,,,,,,,,,,,,,,,,,,,,,,,,,,,,,,,,,,467.1117998745358,467.61088999562344,1,1,1.1123270475854952,467.1117998745358,467.0189570806506,467.710493978253,467.0189570806506,457.20952656127884,459.3018017499653,,,,,,,,,,P013,1,NA,2023_Jun_12_1416,N-Back for Neuroimaging,2021.1.4,120.13656710331777,
Conditions/Version_1/threeback(2)_v1.xlsx,Rule: Press 'right' when you see the same letter that appeared 3 letters ago (3-back).   ,D,2,Three,1.7,,,,,0,6,6,6,0,8,8,8,,,,,,,,,,,,,,,,,,,,,,,,,,,,,,,,,,469.202782167431,469.7099580967406,1,0,1.0242163704788254,469.202782167431,469.11248566602444,469.8017163759232,469.11248566602444,459.30354095450275,461.3936981204952,,,,,,,,,,P013,1,NA,2023_Jun_12_1416,N-Back for Neuroimaging,2021.1.4,120.13656710331777,
Conditions/Version_1/threeback(2)_v1.xlsx,Rule: Press 'right' when you see the same letter that appeared 3 letters ago (3-back).   ,t,1,Three,1.2,,,,,0,6,6,6,0,9,9,9,,,,,,,,,,,,,,,,,,,,,,,,,,,,,,,,,,471.29389197711134,471.8011727189969,1,1,0.8420847688048525,471.29389197711134,471.20436804081146,471.89276149416037,471.20436804081146,461.395216192268,463.48729108629595,,,,,,,,,,P013,1,NA,2023_Jun_12_1416,N-Back for Neuroimaging,2021.1.4,120.13656710331777,
Conditions/Version_1/threeback(2)_v1.xlsx,Rule: Press 'right' when you see the same letter that appeared 3 letters ago (3-back).   ,,,,,,,,,0,6,6,6,,,,,,,,,,,,,,,,,,,,,,,,,,,,,,,,,,,,,,,,,,,,,,,,,463.48738408024474,473.2970379094968,492.29664011933164,463.4873940327743,483.47802279315874,492.2881941539472,None,,,P013,1,NA,2023_Jun_12_1416,N-Back for Neuroimaging,2021.1.4,120.13656710331777,
Conditions/Version_1/twoback(2)_v1.xlsx,Rule: Press 'right' when you see the same letter that appeared 2 letters ago (2-back).  ,V,1,Three,1.4,,,,,0,7,7,7,0,0,0,0,,,,,,,,,,,,,,,,,,,,,,,,,,,,,,483.4880689386828,492.49693446539095,492.4972373955097,495.4914922978296,505.4024062728313,505.9095918436542,None,0,,505.4024062728313,None,506.0011684891724,None,495.50157172212676,497.5926159073133,,,,,,,,,,P013,1,NA,2023_Jun_12_1416,N-Back for Neuroimaging,2021.1.4,120.13656710331777,
Conditions/Version_1/twoback(2)_v1.xlsx,Rule: Press 'right' when you see the same letter that appeared 2 letters ago (2-back).  ,V,1,Three,1.2,,,,,0,7,7,7,0,1,1,1,,,,,,,,,,,,,,,,,,,,,,,,,,,,,,,,,,507.4926638971683,507.9957931901681,None,0,,507.4926638971683,None,508.0923675606009,None,497.5928920900096,499.68321596087117,,,,,,,,,,P013,1,NA,2023_Jun_12_1416,N-Back for Neuroimaging,2021.1.4,120.13656710331777,
Conditions/Version_1/twoback(2)_v1.xlsx,Rule: Press 'right' when you see the same letter that appeared 2 letters ago (2-back).  ,v,2,Three,1.7,,,,,0,7,7,7,0,2,2,2,,,,,,,,,,,,,,,,,,,,,,,,,,,,,,,,,,509.58467472178745,510.092779657527,2,1,0.7156462783914321,509.58467472178745,509.4936998932899,510.18534284753696,509.4936998932899,499.6847131945342,501.7822685111605,,,,,,,,,,P013,1,NA,2023_Jun_12_1416,N-Back for Neuroimaging,2021.1.4,120.13656710331777,
Conditions/Version_1/twoback(2)_v1.xlsx,Rule: Press 'right' when you see the same letter that appeared 2 letters ago (2-back).  ,P,1,Three,1.1,,,,,0,7,7,7,0,3,3,3,,,,,,,,,,,,,,,,,,,,,,,,,,,,,,,,,,511.68441803983114,512.1879102891435,1,1,0.34795194047910627,511.68441803983114,511.592773281689,512.285225500993,511.592773281689,501.7838080430738,503.8824335676418,,,,,,,,,,P013,1,NA,2023_Jun_12_1416,N-Back for Neuroimaging,2021.1.4,120.13656710331777,
Conditions/Version_1/twoback(2)_v1.xlsx,Rule: Press 'right' when you see the same letter that appeared 2 letters ago (2-back).  ,T,1,Three,1,,,,,0,7,7,7,0,4,4,4,,,,,,,,,,,,,,,,,,,,,,,,,,,,,,,,,,513.7834086978273,514.2870906672342,1,1,0.6958923733454867,513.7834086978273,513.692844722189,514.3833935202201,513.692844722189,503.88393639960304,505.9778127014797,,,,,,,,,,P013,1,NA,2023_Jun_12_1416,N-Back for Neuroimaging,2021.1.4,120.13656710331777,
Conditions/Version_1/twoback(2)_v1.xlsx,Rule: Press 'right' when you see the same letter that appeared 2 letters ago (2-back).  ,d,1,Three,1.7,,,,,0,7,7,7,0,5,5,5,,,,,,,,,,,,,,,,,,,,,,,,,,,,,,,,,,515.883286997052,516.3861976454191,1,1,0.6730242596004246,515.883286997052,515.7904137235437,516.4765009891889,517.8774019419252,505.97935472152676,508.0765825377257,,,,,,,,,,P013,1,NA,2023_Jun_12_1416,N-Back for Neuroimaging,2021.1.4,120.13656710331777,
Conditions/Version_1/twoback(2)_v1.xlsx,Rule: Press 'right' when you see the same letter that appeared 2 letters ago (2-back).  ,B,1,Three,1.4,,,,,0,7,7,7,0,6,6,6,,,,,,,,,,,,,,,,,,,,,,,,,,,,,,,,,,517.9743775237057,518.4772272128284,1,1,0.7028454592982598,517.9743775237057,517.8899250232407,518.5744572061449,None,508.0781279789553,510.17194394362014,,,,,,,,,,P013,1,NA,2023_Jun_12_1416,N-Back for Neuroimaging,2021.1.4,120.13656710331777,
Conditions/Version_1/twoback(2)_v1.xlsx,Rule: Press 'right' when you see the same letter that appeared 2 letters ago (2-back).  ,v,1,Three,1.2,,,,,0,7,7,7,0,7,7,7,,,,,,,,,,,,,,,,,,,,,,,,,,,,,,,,,,520.0737112329534,520.5810320959754,1,1,0.752423052173981,520.0737112329534,519.9823734481452,520.6726619253241,519.9823734481452,510.17346077132606,512.2648523619991,,,,,,,,,,P013,1,NA,2023_Jun_12_1416,N-Back for Neuroimaging,2021.1.4,120.13656710331777,
Conditions/Version_1/twoback(2)_v1.xlsx,Rule: Press 'right' when you see the same letter that appeared 2 letters ago (2-back).  ,b,2,Three,1.8,,,,,0,7,7,7,0,8,8,8,,,,,,,,,,,,,,,,,,,,,,,,,,,,,,,,,,522.1648362824435,522.6721646098631,1,0,0.5864997668923024,522.1648362824435,522.0755894618887,522.7638358044114,522.0755894618887,512.2665327844097,514.3590804235919,,,,,,,,,,P013,1,NA,2023_Jun_12_1416,N-Back for Neuroimaging,2021.1.4,120.13656710331777,
Conditions/Version_1/twoback(2)_v1.xlsx,Rule: Press 'right' when you see the same letter that appeared 2 letters ago (2-back).  ,V,2,Three,1.2,,,,,0,7,7,7,0,9,9,9,,,,,,,,,,,,,,,,,,,,,,,,,,,,,,,,,,524.2644421311725,524.7723800510248,2,1,0.4256528937148687,524.2644421311725,524.1716910871673,524.8559172297882,526.2596335043199,514.36064203768,516.4587770891521,,,,,,,,,,P013,1,NA,2023_Jun_12_1416,N-Back for Neuroimaging,2021.1.4,120.13656710331777,
Conditions/Version_1/twoback(2)_v1.xlsx,Rule: Press 'right' when you see the same letter that appeared 2 letters ago (2-back).  ,,,,,,,,,0,7,7,7,,,,,,,,,,,,,,,,,,,,,,,,,,,,,,,,,,,,,,,,,,,,,,,,,516.4588710161497,526.2712054970307,545.2757892589198,516.4588809686793,536.4487418292065,545.2587872282929,None,,,P013,1,NA,2023_Jun_12_1416,N-Back for Neuroimaging,2021.1.4,120.13656710331777,
Conditions/Version_1/threeback(3)_v1.xlsx,Rule: Press 'right' when you see the same letter that appeared 3 letters ago (3-back).   ,B,1,Two,1.7,,,,,0,8,8,8,0,0,0,0,,,,,,,,,,,,,,,,,,,,,,,,,,,,,,536.4589581007822,545.4624561039018,545.4627537467386,548.4619989095754,558.3731228207471,558.8807077368165,None,0,,558.3731228207471,None,558.9720299707988,None,548.4711471503251,550.5660215043063,,,,,,,,,,P013,1,NA,2023_Jun_12_1416,N-Back for Neuroimaging,2021.1.4,120.13656710331777,
Conditions/Version_1/threeback(3)_v1.xlsx,Rule: Press 'right' when you see the same letter that appeared 3 letters ago (3-back).   ,p,1,Two,1.2,,,,,0,8,8,8,0,1,1,1,,,,,,,,,,,,,,,,,,,,,,,,,,,,,,,,,,560.4644058666436,560.9658643787461,None,0,,560.4644058666436,None,561.0631102339066,562.4625316809233,550.5675081634054,552.6615925353526,,,,,,,,,,P013,1,NA,2023_Jun_12_1416,N-Back for Neuroimaging,2021.1.4,120.13656710331777,
Conditions/Version_1/threeback(3)_v1.xlsx,Rule: Press 'right' when you see the same letter that appeared 3 letters ago (3-back).   ,P,1,Two,1.1,,,,,0,8,8,8,0,2,2,2,,,,,,,,,,,,,,,,,,,,,,,,,,,,,,,,,,562.5636615107378,563.070739780851,None,0,,562.5636615107378,None,563.1624585609334,None,552.6630801275041,554.7577019360469,,,,,,,,,,P013,1,NA,2023_Jun_12_1416,N-Back for Neuroimaging,2021.1.4,120.13656710331777,
Conditions/Version_1/threeback(3)_v1.xlsx,Rule: Press 'right' when you see the same letter that appeared 3 letters ago (3-back).   ,T,1,Two,1.8,,,,,0,8,8,8,0,3,3,3,,,,,,,,,,,,,,,,,,,,,,,,,,,,,,,,,,564.6631295791358,565.164013021642,1,1,1.0273299571454118,564.6631295791358,564.5702802539017,565.2624407396852,564.5702802539017,554.759224051033,556.8538847366453,,,,,,,,,,P013,1,NA,2023_Jun_12_1416,N-Back for Neuroimaging,2021.1.4,120.13656710331777,
Conditions/Version_1/threeback(3)_v1.xlsx,Rule: Press 'right' when you see the same letter that appeared 3 letters ago (3-back).   ,V,1,Two,1.4,,,,,0,8,8,8,0,4,4,4,,,,,,,,,,,,,,,,,,,,,,,,,,,,,,,,,,566.7544154241823,567.2572679124532,1,1,0.6459851029285346,566.7544154241823,566.6644430020187,567.3534709291289,566.6644430020187,556.8554180482279,558.9480910270795,,,,,,,,,,P013,1,NA,2023_Jun_12_1416,N-Back for Neuroimaging,2021.1.4,120.13656710331777,
Conditions/Version_1/threeback(3)_v1.xlsx,Rule: Press 'right' when you see the same letter that appeared 3 letters ago (3-back).   ,d,1,Two,1.7,,,,,0,8,8,8,0,5,5,5,,,,,,,,,,,,,,,,,,,,,,,,,,,,,,,,,,568.845682919251,569.3463166154688,1,1,0.6297584365565854,568.845682919251,568.7609638776048,569.4445284880276,568.7609638776048,558.9495860836269,561.0380594060262,,,,,,,,,,P013,1,NA,2023_Jun_12_1416,N-Back for Neuroimaging,2021.1.4,120.13656710331777,
Conditions/Version_1/threeback(3)_v1.xlsx,Rule: Press 'right' when you see the same letter that appeared 3 letters ago (3-back).   ,b,1,Two,1.2,,,,,0,8,8,8,0,6,6,6,,,,,,,,,,,,,,,,,,,,,,,,,,,,,,,,,,570.9367249273237,571.4402908875581,1,1,0.5996719397444394,570.9367249273237,570.848853421945,571.5380589395027,570.848853421945,561.03962319723,563.134122154237,,,,,,,,,,P013,1,NA,2023_Jun_12_1416,N-Back for Neuroimaging,2021.1.4,120.13656710331777,
Conditions/Version_1/threeback(3)_v1.xlsx,Rule: Press 'right' when you see the same letter that appeared 3 letters ago (3-back).   ,V,2,Two,1.5,,,,,0,8,8,8,0,7,7,7,,,,,,,,,,,,,,,,,,,,,,,,,,,,,,,,,,573.0358651842798,573.5365601507565,2,1,0.7206489795698872,573.0358651842798,572.9447435559705,573.6348301834096,572.9447435559705,563.1358339893177,565.2259945764927,,,,,,,,,,P013,1,NA,2023_Jun_12_1416,N-Back for Neuroimaging,2021.1.4,120.13656710331777,
Conditions/Version_1/threeback(3)_v1.xlsx,Rule: Press 'right' when you see the same letter that appeared 3 letters ago (3-back).   ,p,1,Two,1.2,,,,,0,8,8,8,0,8,8,8,,,,,,,,,,,,,,,,,,,,,,,,,,,,,,,,,,575.1273659417602,575.6343739221338,1,1,0.7049578836940782,575.1273659417602,575.0365659045619,575.7260193023085,575.0365659045619,565.2275123372492,567.3171952030043,,,,,,,,,,P013,1,NA,2023_Jun_12_1416,N-Back for Neuroimaging,2021.1.4,120.13656710331777,
Conditions/Version_1/threeback(3)_v1.xlsx,Rule: Press 'right' when you see the same letter that appeared 3 letters ago (3-back).   ,B,2,Two,1.1,,,,,0,8,8,8,0,9,9,9,,,,,,,,,,,,,,,,,,,,,,,,,,,,,,,,,,577.218190238249,577.7208707343689,1,0,0.716162565860941,577.218190238249,577.1276878438875,577.8183974374733,577.1276878438875,567.3186989680162,569.4102715703193,,,,,,,,,,P013,1,NA,2023_Jun_12_1416,N-Back for Neuroimaging,2021.1.4,120.13656710331777,
Conditions/Version_1/threeback(3)_v1.xlsx,Rule: Press 'right' when you see the same letter that appeared 3 letters ago (3-back).   ,,,,,,,,,0,8,8,8,,,,,,,,,,,,,,,,,,,,,,,,,,,,,,,,,,,,,,,,,,,,,,,,,569.4103651863006,579.2200342553624,598.2209150542276,569.4103754498465,589.3942196952466,598.2042336816612,None,,,P013,1,NA,2023_Jun_12_1416,N-Back for Neuroimaging,2021.1.4,120.13656710331777,
Conditions/Version_1/zeroback(3)_v1.xlsx,Rule: Press 'right' when you see the letter 'x' or 'X'.,X,2,Three,1.5,,,,,0,9,9,9,0,0,0,0,,,,,,,,,,,,,,,,,,,,,,,,,,,,,,589.4023406483375,598.4110568871038,598.4113728799166,601.41589132833,611.3270606479164,611.8301880748168,2,1,0.6098655071145913,611.3270606479164,None,611.9262629526729,None,601.425679019103,603.5202911861325,,,,,,,,,,P013,1,NA,2023_Jun_12_1416,N-Back for Neuroimaging,2021.1.4,120.13656710331777,
Conditions/Version_1/zeroback(3)_v1.xlsx,Rule: Press 'right' when you see the letter 'x' or 'X'.,B,1,Three,1.5,,,,,0,9,9,9,0,1,1,1,,,,,,,,,,,,,,,,,,,,,,,,,,,,,,,,,,613.4182466566508,613.9200640818508,1,1,0.47170169283344876,613.4182466566508,None,614.0176172213596,None,603.5217672706713,605.6153645907034,,,,,,,,,,P013,1,NA,2023_Jun_12_1416,N-Back for Neuroimaging,2021.1.4,120.13656710331777,
Conditions/Version_1/zeroback(3)_v1.xlsx,Rule: Press 'right' when you see the letter 'x' or 'X'.,v,1,Three,1,,,,,0,9,9,9,0,2,2,2,,,,,,,,,,,,,,,,,,,,,,,,,,,,,,,,,,615.5180213873646,616.0204372084027,1,1,0.4788513412422617,615.5180213873646,None,616.1164237575595,617.5158741291143,605.6168459625223,607.7149794589113,,,,,,,,,,P013,1,NA,2023_Jun_12_1416,N-Back for Neuroimaging,2021.1.4,120.13656710331777,
Conditions/Version_1/zeroback(3)_v1.xlsx,Rule: Press 'right' when you see the letter 'x' or 'X'.,v,1,Three,1.2,,,,,0,9,9,9,0,3,3,3,,,,,,,,,,,,,,,,,,,,,,,,,,,,,,,,,,617.615946813683,618.11930066063,1,1,0.4447841436303861,617.615946813683,None,618.2157568447747,None,607.7152494212751,609.8078909874548,,,,,,,,,,P013,1,NA,2023_Jun_12_1416,N-Back for Neuroimaging,2021.1.4,120.13656710331777,
Conditions/Version_1/zeroback(3)_v1.xlsx,Rule: Press 'right' when you see the letter 'x' or 'X'.,T,1,Three,1.8,,,,,0,9,9,9,0,4,4,4,,,,,,,,,,,,,,,,,,,,,,,,,,,,,,,,,,619.7080185975465,620.2103974076144,1,1,0.38765009269809525,619.7080185975465,619.619307347486,620.3070445559206,619.619307347486,609.8098681196516,611.8981128448904,,,,,,,,,,P013,1,NA,2023_Jun_12_1416,N-Back for Neuroimaging,2021.1.4,120.13656710331777,
Conditions/Version_1/zeroback(3)_v1.xlsx,Rule: Press 'right' when you see the letter 'x' or 'X'.,p,1,Three,1.2,,,,,0,9,9,9,0,5,5,5,,,,,,,,,,,,,,,,,,,,,,,,,,,,,,,,,,621.7994471991879,622.3063755593248,1,1,0.3861230014463217,621.7994471991879,621.7090564597675,622.3990939465912,623.7983776132787,611.9000333720742,613.9975613192437,,,,,,,,,,P013,1,NA,2023_Jun_12_1416,N-Back for Neuroimaging,2021.1.4,120.13656710331777,
Conditions/Version_1/zeroback(3)_v1.xlsx,Rule: Press 'right' when you see the letter 'x' or 'X'.,D,1,Three,1.6,,,,,0,9,9,9,0,6,6,6,,,,,,,,,,,,,,,,,,,,,,,,,,,,,,,,,,623.898848399027,624.4016750729261,1,1,0.42676975413814944,623.898848399027,623.808018815258,624.5000608037353,None,613.9990336715837,616.0963566588489,,,,,,,,,,P013,1,NA,2023_Jun_12_1416,N-Back for Neuroimaging,2021.1.4,120.13656710331777,
Conditions/Version_1/zeroback(3)_v1.xlsx,Rule: Press 'right' when you see the letter 'x' or 'X'.,X,2,Three,1.1,,,,,0,9,9,9,0,7,7,7,,,,,,,,,,,,,,,,,,,,,,,,,,,,,,,,,,625.9988906039725,626.5055116797594,2,1,0.4756957673453144,625.9988906039725,625.9067413769881,626.5970597117557,625.9067413769881,616.097840829816,618.1892560577471,,,,,,,,,,P013,1,NA,2023_Jun_12_1416,N-Back for Neuroimaging,2021.1.4,120.13656710331777,
Conditions/Version_1/zeroback(3)_v1.xlsx,Rule: Press 'right' when you see the letter 'x' or 'X'.,B,1,Three,1.6,,,,,0,9,9,9,0,8,8,8,,,,,,,,,,,,,,,,,,,,,,,,,,,,,,,,,,628.089269524764,628.5966180682572,1,1,0.3862685571912152,628.089269524764,627.9999953347524,628.688186627347,627.9999953347524,618.1908133176039,620.281429233004,,,,,,,,,,P013,1,NA,2023_Jun_12_1416,N-Back for Neuroimaging,2021.1.4,120.13656710331777,
Conditions/Version_1/zeroback(3)_v1.xlsx,Rule: Press 'right' when you see the letter 'x' or 'X'.,x,2,Three,1.2,,,,,0,9,9,9,0,9,9,9,,,,,,,,,,,,,,,,,,,,,,,,,,,,,,,,,,630.1808555007792,630.687691800018,2,1,0.47565129197937495,630.1808555007792,630.0925361315694,630.7793094997214,632.1797896470689,620.2831768349897,622.3789764632002,,,,,,,,,,P013,1,NA,2023_Jun_12_1416,N-Back for Neuroimaging,2021.1.4,120.13656710331777,
Conditions/Version_1/zeroback(3)_v1.xlsx,Rule: Press 'right' when you see the letter 'x' or 'X'.,,,,,,,,,0,9,9,9,,,,,,,,,,,,,,,,,,,,,,,,,,,,,,,,,,,,,,,,,,,,,,,,,622.3790669690152,632.1885242358094,651.1917855553347,622.3790769215448,642.3696627616464,651.1747471357703,None,,,P013,1,NA,2023_Jun_12_1416,N-Back for Neuroimaging,2021.1.4,120.13656710331777,
Conditions/Version_1/twoback(3)_v1.xlsx,Rule: Press 'right' when you see the same letter that appeared 2 letters ago (2-back).  ,t,1,Three,1.6,,,,,0,10,10,10,0,0,0,0,,,,,,,,,,,,,,,,,,,,,,,,,,,,,,642.3782269133189,651.3871020815404,651.3873928820121,654.3864358840929,664.297454049638,664.8004191259006,None,0,,664.297454049638,None,664.8907579255574,None,654.3963526467342,656.4832855041714,,,,,,,,,,P013,1,NA,2023_Jun_12_1416,N-Back for Neuroimaging,2021.1.4,120.13656710331777,
Conditions/Version_1/twoback(3)_v1.xlsx,Rule: Press 'right' when you see the same letter that appeared 2 letters ago (2-back).  ,T,1,Three,1.1,,,,,0,10,10,10,0,1,1,1,,,,,,,,,,,,,,,,,,,,,,,,,,,,,,,,,,666.3883557892459,666.8913469909003,None,0,,666.3883557892459,None,666.9795161391157,668.3791602739802,656.4847584785439,658.5782833317207,,,,,,,,,,P013,1,NA,2023_Jun_12_1416,N-Back for Neuroimaging,2021.1.4,120.13656710331777,
Conditions/Version_1/twoback(3)_v1.xlsx,Rule: Press 'right' when you see the same letter that appeared 2 letters ago (2-back).  ,P,1,Three,1.8,,,,,0,10,10,10,0,2,2,2,,,,,,,,,,,,,,,,,,,,,,,,,,,,,,,,,,668.4796867316927,668.9794094604404,1,1,0.7944836860933719,668.4796867316927,668.3887607327924,669.0786237393331,670.4782252649311,658.5797444874643,660.6774447378011,,,,,,,,,,P013,1,NA,2023_Jun_12_1416,N-Back for Neuroimaging,2021.1.4,120.13656710331777,
Conditions/Version_1/twoback(3)_v1.xlsx,Rule: Press 'right' when you see the same letter that appeared 2 letters ago (2-back).  ,d,1,Three,1.8,,,,,0,10,10,10,0,3,3,3,,,,,,,,,,,,,,,,,,,,,,,,,,,,,,,,,,670.5788095717216,671.086332906516,1,1,0.5490981608654693,670.5788095717216,670.488014199771,671.1779565155321,None,660.6789046494796,662.7693022312633,,,,,,,,,,P013,1,NA,2023_Jun_12_1416,N-Back for Neuroimaging,2021.1.4,120.13656710331777,
Conditions/Version_1/twoback(3)_v1.xlsx,Rule: Press 'right' when you see the same letter that appeared 2 letters ago (2-back).  ,B,1,Three,1,,,,,0,10,10,10,0,4,4,4,,,,,,,,,,,,,,,,,,,,,,,,,,,,,,,,,,672.6704316256564,673.1708367247102,1,1,0.746575630049847,672.6704316256564,672.580047417583,673.2690989819494,672.580047417583,662.7707655641225,664.8622227792875,,,,,,,,,,P013,1,NA,2023_Jun_12_1416,N-Back for Neuroimaging,2021.1.4,120.13656710331777,
Conditions/Version_1/twoback(3)_v1.xlsx,Rule: Press 'right' when you see the same letter that appeared 2 letters ago (2-back).  ,D,2,Three,1.5,,,,,0,10,10,10,0,5,5,5,,,,,,,,,,,,,,,,,,,,,,,,,,,,,,,,,,674.7617246240825,675.2637355015759,2,1,0.8811294752558751,674.7617246240825,674.6730646917531,675.3609483889813,674.6730646917531,664.863733697679,666.9521578794629,,,,,,,,,,P013,1,NA,2023_Jun_12_1416,N-Back for Neuroimaging,2021.1.4,120.13656710331777,
Conditions/Version_1/twoback(3)_v1.xlsx,Rule: Press 'right' when you see the same letter that appeared 2 letters ago (2-back).  ,b,2,Three,1.2,,,,,0,10,10,10,0,6,6,6,,,,,,,,,,,,,,,,,,,,,,,,,,,,,,,,,,676.8525060002867,677.3558215922003,2,1,0.5723497580147523,676.8525060002867,676.7626670042227,677.45200594788,678.8510491987745,666.9536498258458,669.0502136217146,,,,,,,,,,P013,1,NA,2023_Jun_12_1416,N-Back for Neuroimaging,2021.1.4,120.13656710331777,
Conditions/Version_1/twoback(3)_v1.xlsx,Rule: Press 'right' when you see the same letter that appeared 2 letters ago (2-back).  ,v,1,Three,1.8,,,,,0,10,10,10,0,7,7,7,,,,,,,,,,,,,,,,,,,,,,,,,,,,,,,,,,678.9519044009776,679.4559630114236,1,1,0.6788614181805315,678.9519044009776,678.8604891730483,679.5534471052597,None,669.0516492741026,671.1434171947985,,,,,,,,,,P013,1,NA,2023_Jun_12_1416,N-Back for Neuroimaging,2021.1.4,120.13656710331777,
Conditions/Version_1/twoback(3)_v1.xlsx,Rule: Press 'right' when you see the same letter that appeared 2 letters ago (2-back).  ,D,1,Three,1.2,,,,,0,10,10,10,0,8,8,8,,,,,,,,,,,,,,,,,,,,,,,,,,,,,,,,,,681.0434909990254,681.5469816932546,1,1,1.2541823172796285,681.0434909990254,680.9557933518972,681.6445183488886,680.9557933518972,671.1456422071842,673.2343587445248,,,,,,,,,,P013,1,NA,2023_Jun_12_1416,N-Back for Neuroimaging,2021.1.4,120.13656710331777,
Conditions/Version_1/twoback(3)_v1.xlsx,Rule: Press 'right' when you see the same letter that appeared 2 letters ago (2-back).  ,v,2,Three,1.9,,,,,0,10,10,10,0,9,9,9,,,,,,,,,,,,,,,,,,,,,,,,,,,,,,,,,,683.1343078311165,683.6380106386332,2,1,1.1693743248997635,683.1343078311165,683.0450274207742,683.7342316942668,683.0450274207742,673.2359026306713,675.324477655482,,,,,,,,,,P013,1,NA,2023_Jun_12_1416,N-Back for Neuroimaging,2021.1.4,120.13656710331777,
Conditions/Version_1/twoback(3)_v1.xlsx,Rule: Press 'right' when you see the same letter that appeared 2 letters ago (2-back).  ,,,,,,,,,0,10,10,10,,,,,,,,,,,,,,,,,,,,,,,,,,,,,,,,,,,,,,,,,,,,,,,,,675.3245718934959,685.1341572991078,704.1372771061033,675.3245815350092,695.3103407092967,704.120458264224,None,,,P013,1,NA,2023_Jun_12_1416,N-Back for Neuroimaging,2021.1.4,120.13656710331777,
Conditions/Version_1/oneback(3)_v1.xlsx,Rule: Press 'right' when you see the same letter that appeared 1 letter ago (1-back).    ,B,1,Two,1.8,,,,,0,11,11,11,0,0,0,0,,,,,,,,,,,,,,,,,,,,,,,,,,,,,,695.319771975106,704.3257861021011,704.3260940084838,707.3319498280543,717.2756284633633,717.7783403721569,None,0,,717.2756284633633,None,717.8807851799374,None,707.3774070736981,709.4324010197597,,,,,,,,,,P013,1,NA,2023_Jun_12_1416,N-Back for Neuroimaging,2021.1.4,120.13656710331777,
Conditions/Version_1/oneback(3)_v1.xlsx,Rule: Press 'right' when you see the same letter that appeared 1 letter ago (1-back).    ,b,2,Two,1.9,,,,,0,11,11,11,0,1,1,1,,,,,,,,,,,,,,,,,,,,,,,,,,,,,,,,,,719.3337829595894,719.8412366266766,2,1,0.5833609878882271,719.3337829595894,None,719.9329065771599,None,709.4338839466618,711.5274122210212,,,,,,,,,,P013,1,NA,2023_Jun_12_1416,N-Back for Neuroimaging,2021.1.4,120.13656710331777,
Conditions/Version_1/oneback(3)_v1.xlsx,Rule: Press 'right' when you see the same letter that appeared 1 letter ago (1-back).    ,T,1,Two,1.5,,,,,0,11,11,11,0,2,2,2,,,,,,,,,,,,,,,,,,,,,,,,,,,,,,,,,,721.4252118722488,721.9323747388626,1,1,1.0031089214171516,721.4252118722488,None,722.0239983478805,None,711.5289271826277,713.6182912564218,,,,,,,,,,P013,1,NA,2023_Jun_12_1416,N-Back for Neuroimaging,2021.1.4,120.13656710331777,
Conditions/Version_1/oneback(3)_v1.xlsx,Rule: Press 'right' when you see the same letter that appeared 1 letter ago (1-back).    ,g,1,Two,1.2,,,,,0,11,11,11,0,3,3,3,,,,,,,,,,,,,,,,,,,,,,,,,,,,,,,,,,723.5167179170112,724.0235902941695,1,1,0.5474308011507674,723.5167179170112,723.4300696397149,724.1150929177493,723.4300696397149,713.6198665552383,715.7083921284193,,,,,,,,,,P013,1,NA,2023_Jun_12_1416,N-Back for Neuroimaging,2021.1.4,120.13656710331777,
Conditions/Version_1/oneback(3)_v1.xlsx,Rule: Press 'right' when you see the same letter that appeared 1 letter ago (1-back).    ,v,1,Two,1.1,,,,,0,11,11,11,0,4,4,4,,,,,,,,,,,,,,,,,,,,,,,,,,,,,,,,,,725.6072853138303,726.1097173077287,1,1,0.5157581199418928,725.6072853138303,725.5194747676942,726.2063109611881,725.5194747676942,715.709933526432,717.8016230709582,,,,,,,,,,P013,1,NA,2023_Jun_12_1416,N-Back for Neuroimaging,2021.1.4,120.13656710331777,
Conditions/Version_1/oneback(3)_v1.xlsx,Rule: Press 'right' when you see the same letter that appeared 1 letter ago (1-back).    ,D,1,Two,1,,,,,0,11,11,11,0,5,5,5,,,,,,,,,,,,,,,,,,,,,,,,,,,,,,,,,,727.7070643987754,728.214221978109,1,1,0.3939932752000459,727.7070643987754,727.6142390218156,728.3064032397979,727.6142390218156,717.8031206156375,719.8986991110833,,,,,,,,,,P013,1,NA,2023_Jun_12_1416,N-Back for Neuroimaging,2021.1.4,120.13656710331777,
Conditions/Version_1/oneback(3)_v1.xlsx,Rule: Press 'right' when you see the same letter that appeared 1 letter ago (1-back).    ,b,1,Two,1.5,,,,,0,11,11,11,0,6,6,6,,,,,,,,,,,,,,,,,,,,,,,,,,,,,,,,,,729.7981449728995,730.305835323581,1,1,0.48494228932395345,729.7981449728995,729.7094131957474,730.3971983007305,729.7094131957474,719.9002066082921,721.9925125876161,,,,,,,,,,P013,1,NA,2023_Jun_12_1416,N-Back for Neuroimaging,2021.1.4,120.13656710331777,
Conditions/Version_1/oneback(3)_v1.xlsx,Rule: Press 'right' when you see the same letter that appeared 1 letter ago (1-back).    ,V,1,Two,1.7,,,,,0,11,11,11,0,7,7,7,,,,,,,,,,,,,,,,,,,,,,,,,,,,,,,,,,731.8976929725504,732.4048461976527,1,1,0.5322678113734582,731.8976929725504,731.8048775481202,732.4970072432643,731.8048775481202,721.9942527252042,724.095200610338,,,,,,,,,,P013,1,NA,2023_Jun_12_1416,N-Back for Neuroimaging,2021.1.4,120.13656710331777,
Conditions/Version_1/oneback(3)_v1.xlsx,Rule: Press 'right' when you see the same letter that appeared 1 letter ago (1-back).    ,v,2,Two,1.1,,,,,0,11,11,11,0,8,8,8,,,,,,,,,,,,,,,,,,,,,,,,,,,,,,,,,,733.9971324274247,734.5048479704456,2,1,0.45778370229709253,733.9971324274247,733.9055212590702,734.5970765066504,733.9055212590702,724.0966571008339,726.1876543225226,,,,,,,,,,P013,1,NA,2023_Jun_12_1416,N-Back for Neuroimaging,2021.1.4,120.13656710331777,
Conditions/Version_1/oneback(3)_v1.xlsx,Rule: Press 'right' when you see the same letter that appeared 1 letter ago (1-back).    ,P,1,Two,1.3,,,,,0,11,11,11,0,9,9,9,,,,,,,,,,,,,,,,,,,,,,,,,,,,,,,,,,736.0884506181919,736.588966439138,1,1,0.5366385269262537,736.0884506181919,735.99826017343,736.6874616477726,738.0868638117627,726.1892112713631,728.2860307228366,,,,,,,,,,P013,1,NA,2023_Jun_12_1416,N-Back for Neuroimaging,2021.1.4,120.13656710331777,
Conditions/Version_1/oneback(3)_v1.xlsx,Rule: Press 'right' when you see the same letter that appeared 1 letter ago (1-back).    ,,,,,,,,,0,11,11,11,,,,,,,,,,,,,,,,,,,,,,,,,,,,,,,,,,,,,,,,,,,,,,,,,728.2861246498342,738.0954851904808,757.0998126747327,728.2861355354125,748.2735511838364,757.082683749355,None,,,P013,1,NA,2023_Jun_12_1416,N-Back for Neuroimaging,2021.1.4,120.13656710331777,
Conditions/Version_1/twoback(4)_v1.xlsx,Rule: Press 'right' when you see the same letter that appeared 2 letters ago (2-back).  ,p,1,Two,1.4,,,,,0,12,12,12,0,0,0,0,,,,,,,,,,,,,,,,,,,,,,,,,,,,,,748.2826126509699,757.2949273511986,757.2952629380543,760.2941355030671,770.2052650125352,770.7122453124375,None,0,,770.2052650125352,None,770.8039323688299,None,760.3038190032967,762.3907627463122,,,,,,,,,,P013,1,NA,2023_Jun_12_1416,N-Back for Neuroimaging,2021.1.4,120.13656710331777,
Conditions/Version_1/twoback(4)_v1.xlsx,Rule: Press 'right' when you see the same letter that appeared 2 letters ago (2-back).  ,T,1,Two,1.2,,,,,0,12,12,12,0,1,1,1,,,,,,,,,,,,,,,,,,,,,,,,,,,,,,,,,,772.2962025190482,772.7987107120007,None,0,,772.2962025190482,None,772.8878956402641,None,762.3922456732143,764.4860124972656,,,,,,,,,,P013,1,NA,2023_Jun_12_1416,N-Back for Neuroimaging,2021.1.4,120.13656710331777,
Conditions/Version_1/twoback(4)_v1.xlsx,Rule: Press 'right' when you see the same letter that appeared 2 letters ago (2-back).  ,g,1,Two,1.7,,,,,0,12,12,12,0,2,2,2,,,,,,,,,,,,,,,,,,,,,,,,,,,,,,,,,,774.3876871036682,774.8945597918428,1,1,0.6375472239760711,774.3876871036682,774.2965704516246,774.9872340147613,774.2965704516246,764.4875150182106,766.5850547840091,,,,,,,,,,P013,1,NA,2023_Jun_12_1416,N-Back for Neuroimaging,2021.1.4,120.13656710331777,
Conditions/Version_1/twoback(4)_v1.xlsx,Rule: Press 'right' when you see the same letter that appeared 2 letters ago (2-back).  ,B,1,Two,1,,,,,0,12,12,12,0,3,3,3,,,,,,,,,,,,,,,,,,,,,,,,,,,,,,,,,,776.4870609340505,776.9898994265786,1,1,0.6112915179892298,776.4870609340505,776.3955013944433,777.0859920323783,778.4857095671487,766.5865062982393,768.6848988714137,,,,,,,,,,P013,1,NA,2023_Jun_12_1416,N-Back for Neuroimaging,2021.1.4,120.13656710331777,
Conditions/Version_1/twoback(4)_v1.xlsx,Rule: Press 'right' when you see the same letter that appeared 2 letters ago (2-back).  ,v,1,Two,1.8,,,,,0,12,12,12,0,4,4,4,,,,,,,,,,,,,,,,,,,,,,,,,,,,,,,,,,778.5863035154507,779.0858492757834,1,1,0.7538779875867476,778.5863035154507,778.4956219755586,779.1852237282001,780.5848756384785,768.6863833533989,770.7840139360287,,,,,,,,,,P013,1,NA,2023_Jun_12_1416,N-Back for Neuroimaging,2021.1.4,120.13656710331777,
Conditions/Version_1/twoback(4)_v1.xlsx,Rule: Press 'right' when you see the same letter that appeared 2 letters ago (2-back).  ,T,1,Two,1.4,,,,,0,12,12,12,0,5,5,5,,,,,,,,,,,,,,,,,,,,,,,,,,,,,,,,,,780.6858851048892,781.1891248087632,2,0,0.7172607652937586,780.6858851048892,780.5950580092522,781.2854786684638,None,770.7859689860506,772.88363844575,,,,,,,,,,P013,1,NA,2023_Jun_12_1416,N-Back for Neuroimaging,2021.1.4,120.13656710331777,
Conditions/Version_1/twoback(4)_v1.xlsx,Rule: Press 'right' when you see the same letter that appeared 2 letters ago (2-back).  ,V,2,Two,1.7,,,,,0,12,12,12,0,6,6,6,,,,,,,,,,,,,,,,,,,,,,,,,,,,,,,,,,782.7851118244453,783.2890746417943,1,0,0.8453364468150539,782.7851118244453,784.7857142634984,783.3876392071197,782.6941945340095,772.885306427499,774.9848401203872,,,,,,,,,,P013,1,NA,2023_Jun_12_1416,N-Back for Neuroimaging,2021.1.4,120.13656710331777,
Conditions/Version_1/twoback(4)_v1.xlsx,Rule: Press 'right' when you see the same letter that appeared 2 letters ago (2-back).  ,t,2,Two,1.2,,,,,0,12,12,12,0,7,7,7,,,,,,,,,,,,,,,,,,,,,,,,,,,,,,,,,,784.8846060182332,785.3920186311352,1,0,0.5244591188966297,784.8846060182332,None,785.4837675798226,784.7955439415073,774.9863569480931,777.074623755505,,,,,,,,,,P013,1,NA,2023_Jun_12_1416,N-Back for Neuroimaging,2021.1.4,120.13656710331777,
Conditions/Version_1/twoback(4)_v1.xlsx,Rule: Press 'right' when you see the same letter that appeared 2 letters ago (2-back).  ,P,1,Two,1,,,,,0,12,12,12,0,8,8,8,,,,,,,,,,,,,,,,,,,,,,,,,,,,,,,,,,786.9762703704182,787.4831418145277,2,0,0.7938162445807393,786.9762703704182,786.8850122058448,787.5748260717719,788.9744490575122,777.0760957968287,779.1736231219656,,,,,,,,,,P013,1,NA,2023_Jun_12_1416,N-Back for Neuroimaging,2021.1.4,120.13656710331777,
Conditions/Version_1/twoback(4)_v1.xlsx,Rule: Press 'right' when you see the same letter that appeared 2 letters ago (2-back).  ,b,1,Two,1.4,,,,,0,12,12,12,0,9,9,9,,,,,,,,,,,,,,,,,,,,,,,,,,,,,,,,,,789.07543892988,789.5832104558795,1,1,0.9526275144507963,789.07543892988,788.984336273581,789.6745140288676,791.0741189756482,779.1751346623896,781.2733490230803,,,,,,,,,,P013,1,NA,2023_Jun_12_1416,N-Back for Neuroimaging,2021.1.4,120.13656710331777,
Conditions/Version_1/twoback(4)_v1.xlsx,Rule: Press 'right' when you see the same letter that appeared 2 letters ago (2-back).  ,,,,,,,,,0,12,12,12,,,,,,,,,,,,,,,,,,,,,,,,,,,,,,,,,,,,,,,,,,,,,,,,,781.2734392178791,791.0828849770605,810.0871210224486,781.2734488593924,801.2595392663043,810.0696583763129,None,,,P013,1,NA,2023_Jun_12_1416,N-Back for Neuroimaging,2021.1.4,120.13656710331777,
Conditions/Version_1/zeroback(4)_v1.xlsx,Rule: Press 'right' when you see the letter 'x' or 'X'.,P,1,Two,1.1,,,,,0,13,13,13,0,0,0,0,,,,,,,,,,,,,,,,,,,,,,,,,,,,,,801.2658752954267,810.2820506440676,810.282370058063,813.2813253534769,823.192199207344,823.6958979716437,1,1,0.7513519111817004,823.192199207344,None,823.7920813942746,None,813.29060950846,815.3786666907181,,,,,,,,,,P013,1,NA,2023_Jun_12_1416,N-Back for Neuroimaging,2021.1.4,120.13656710331777,
Conditions/Version_1/zeroback(4)_v1.xlsx,Rule: Press 'right' when you see the letter 'x' or 'X'.,X,2,Two,1.1,,,,,0,13,13,13,0,1,1,1,,,,,,,,,,,,,,,,,,,,,,,,,,,,,,,,,,825.2830673571643,825.7861276044914,2,1,0.5024926421265263,825.2830673571643,None,825.8774548147394,827.2780823839294,815.3801160278326,817.47723965349,,,,,,,,,,P013,1,NA,2023_Jun_12_1416,N-Back for Neuroimaging,2021.1.4,120.13656710331777,
Conditions/Version_1/zeroback(4)_v1.xlsx,Rule: Press 'right' when you see the letter 'x' or 'X'.,v,1,Two,1.7,,,,,0,13,13,13,0,2,2,2,,,,,,,,,,,,,,,,,,,,,,,,,,,,,,,,,,827.3747270441017,827.8780292623032,1,1,0.46679727288210415,827.3747270441017,None,827.9741196909872,829.3730571962551,817.4787418634169,819.572211977682,,,,,,,,,,P013,1,NA,2023_Jun_12_1416,N-Back for Neuroimaging,2021.1.4,120.13656710331777,
Conditions/Version_1/zeroback(4)_v1.xlsx,Rule: Press 'right' when you see the letter 'x' or 'X'.,g,1,Two,1.2,,,,,0,13,13,13,0,3,3,3,,,,,,,,,,,,,,,,,,,,,,,,,,,,,,,,,,829.4744588545327,829.9772373208671,1,1,0.5181439278840116,829.4744588545327,829.3827344761539,830.0732185827419,831.4725224655031,819.5736843300219,821.6716557867894,,,,,,,,,,P013,1,NA,2023_Jun_12_1416,N-Back for Neuroimaging,2021.1.4,120.13656710331777,
Conditions/Version_1/zeroback(4)_v1.xlsx,Rule: Press 'right' when you see the letter 'x' or 'X'.,g,1,Two,1.7,,,,,0,13,13,13,0,4,4,4,,,,,,,,,,,,,,,,,,,,,,,,,,,,,,,,,,831.5726309169731,832.074923264443,1,1,0.39373606451408705,831.5726309169731,831.4809283097529,832.172373146459,None,821.6719453431961,823.7634224634185,,,,,,,,,,P013,1,NA,2023_Jun_12_1416,N-Back for Neuroimaging,2021.1.4,120.13656710331777,
Conditions/Version_1/zeroback(4)_v1.xlsx,Rule: Press 'right' when you see the letter 'x' or 'X'.,V,1,Two,1.4,,,,,0,13,13,13,0,5,5,5,,,,,,,,,,,,,,,,,,,,,,,,,,,,,,,,,,833.6643876410726,834.1660221885431,1,1,0.5372972599761852,833.6643876410726,833.5738382832133,834.2636481059253,833.5738382832133,823.7649405351913,825.8546940017022,,,,,,,,,,P013,1,NA,2023_Jun_12_1416,N-Back for Neuroimaging,2021.1.4,120.13656710331777,
Conditions/Version_1/zeroback(4)_v1.xlsx,Rule: Press 'right' when you see the letter 'x' or 'X'.,d,1,Two,1.8,,,,,0,13,13,13,0,6,6,6,,,,,,,,,,,,,,,,,,,,,,,,,,,,,,,,,,835.755893996853,836.258377930515,1,1,0.44641729152499465,835.755893996853,835.665087739324,836.3546860707829,835.665087739324,825.8561417837354,827.9479411171033,,,,,,,,,,P013,1,NA,2023_Jun_12_1416,N-Back for Neuroimaging,2021.1.4,120.13656710331777,
Conditions/Version_1/zeroback(4)_v1.xlsx,Rule: Press 'right' when you see the letter 'x' or 'X'.,D,1,Two,1.3,,,,,0,13,13,13,0,7,7,7,,,,,,,,,,,,,,,,,,,,,,,,,,,,,,,,,,837.847110796225,838.3542095934299,1,1,0.43633724519531825,837.847110796225,837.7587049644153,838.4457728652378,837.7587049644153,827.9494688303876,830.0379010986035,,,,,,,,,,P013,1,NA,2023_Jun_12_1416,N-Back for Neuroimaging,2021.1.4,120.13656710331777,
Conditions/Version_1/zeroback(4)_v1.xlsx,Rule: Press 'right' when you see the letter 'x' or 'X'.,P,1,Two,1.2,,,,,0,13,13,13,0,8,8,8,,,,,,,,,,,,,,,,,,,,,,,,,,,,,,,,,,839.9379752138484,840.4377666772525,1,1,0.49029021887145063,839.9379752138484,839.8487610500288,840.5377438797386,839.8487610500288,830.0396490116036,832.1289536812383,,,,,,,,,,P013,1,NA,2023_Jun_12_1416,N-Back for Neuroimaging,2021.1.4,120.13656710331777,
Conditions/Version_1/zeroback(4)_v1.xlsx,Rule: Press 'right' when you see the letter 'x' or 'X'.,X,2,Two,1,,,,,0,13,13,13,0,9,9,9,,,,,,,,,,,,,,,,,,,,,,,,,,,,,,,,,,842.0296317906195,842.5296238596966,2,1,0.48871523107118264,842.0296317906195,841.9396027634448,842.6287286607658,841.9396027634448,832.1304913470522,834.2211598242502,,,,,,,,,,P013,1,NA,2023_Jun_12_1416,N-Back for Neuroimaging,2021.1.4,120.13656710331777,
Conditions/Version_1/zeroback(4)_v1.xlsx,Rule: Press 'right' when you see the letter 'x' or 'X'.,,,,,,,,,0,13,13,13,,,,,,,,,,,,,,,,,,,,,,,,,,,,,,,,,,,,,,,,,,,,,,,,,834.2212525071809,844.0307570484911,863.0325422834776,834.2212624597105,854.2076019908782,863.0154662309124,None,,,P013,1,NA,2023_Jun_12_1416,N-Back for Neuroimaging,2021.1.4,120.13656710331777,
Conditions/Version_1/oneback(4)_v1.xlsx,Rule: Press 'right' when you see the same letter that appeared 1 letter ago (1-back).    ,b,1,Three,1.1,,,,,0,14,14,14,0,0,0,0,,,,,,,,,,,,,,,,,,,,,,,,,,,,,,854.2164317506831,863.2289184430629,863.2292216841979,866.2269005676972,876.1378092554169,876.6389228501685,None,0,,876.1378092554169,None,876.7371558718532,None,866.2364870307647,868.3271458664494,,,,,,,,,,P013,1,NA,2023_Jun_12_1416,N-Back for Neuroimaging,2021.1.4,120.13656710331777,
Conditions/Version_1/oneback(4)_v1.xlsx,Rule: Press 'right' when you see the same letter that appeared 1 letter ago (1-back).    ,D,1,Three,1.1,,,,,0,14,14,14,0,1,1,1,,,,,,,,,,,,,,,,,,,,,,,,,,,,,,,,,,878.2286808264216,878.732330450106,1,1,0.49817822056684236,878.2286808264216,None,878.8282908738729,None,868.328559747677,870.4228288634549,,,,,,,,,,P013,1,NA,2023_Jun_12_1416,N-Back for Neuroimaging,2021.1.4,120.13656710331777,
Conditions/Version_1/oneback(4)_v1.xlsx,Rule: Press 'right' when you see the same letter that appeared 1 letter ago (1-back).    ,g,1,Three,1,,,,,0,14,14,14,0,2,2,2,,,,,,,,,,,,,,,,,,,,,,,,,,,,,,,,,,880.3202161067384,880.8220923140652,1,1,0.40139671311408165,880.3202161067384,882.3228983134504,880.927535943405,None,870.4243453801446,872.5220129737445,,,,,,,,,,P013,1,NA,2023_Jun_12_1416,N-Back for Neuroimaging,2021.1.4,120.13656710331777,
Conditions/Version_1/oneback(4)_v1.xlsx,Rule: Press 'right' when you see the same letter that appeared 1 letter ago (1-back).    ,T,1,Three,1.6,,,,,0,14,14,14,0,3,3,3,,,,,,,,,,,,,,,,,,,,,,,,,,,,,,,,,,882.419460554238,882.9231646058197,1,1,0.5451286566603812,882.419460554238,884.4213692627945,883.0228264375273,None,872.5234763066037,874.6205377289498,,,,,,,,,,P013,1,NA,2023_Jun_12_1416,N-Back for Neuroimaging,2021.1.4,120.13656710331777,
Conditions/Version_1/oneback(4)_v1.xlsx,Rule: Press 'right' when you see the same letter that appeared 1 letter ago (1-back).    ,V,1,Three,1.5,,,,,0,14,14,14,0,4,4,4,,,,,,,,,,,,,,,,,,,,,,,,,,,,,,,,,,884.5191142995154,885.0191632846218,1,1,0.37650947994006856,884.5191142995154,None,885.1187137724046,884.431305930495,874.6220551786901,876.7119218552252,,,,,,,,,,P013,1,NA,2023_Jun_12_1416,N-Back for Neuroimaging,2021.1.4,120.13656710331777,
Conditions/Version_1/oneback(4)_v1.xlsx,Rule: Press 'right' when you see the same letter that appeared 1 letter ago (1-back).    ,V,2,Three,1.3,,,,,0,14,14,14,0,5,5,5,,,,,,,,,,,,,,,,,,,,,,,,,,,,,,,,,,886.609244096051,887.1134121843224,2,1,0.5703203750363173,886.609244096051,888.6097348801632,887.211831193903,886.5216151835793,876.7122322497398,878.8088961929388,,,,,,,,,,P013,1,NA,2023_Jun_12_1416,N-Back for Neuroimaging,2021.1.4,120.13656710331777,
Conditions/Version_1/oneback(4)_v1.xlsx,Rule: Press 'right' when you see the same letter that appeared 1 letter ago (1-back).    ,v,2,Three,1.7,,,,,0,14,14,14,0,6,6,6,,,,,,,,,,,,,,,,,,,,,,,,,,,,,,,,,,888.7095842548497,889.216832028982,2,1,0.6741706665998208,888.7095842548497,None,889.3090468804585,890.7083563615179,878.810379119841,880.907527315805,,,,,,,,,,P013,1,NA,2023_Jun_12_1416,N-Back for Neuroimaging,2021.1.4,120.13656710331777,
Conditions/Version_1/oneback(4)_v1.xlsx,Rule: Press 'right' when you see the same letter that appeared 1 letter ago (1-back).    ,p,1,Three,1.9,,,,,0,14,14,14,0,7,7,7,,,,,,,,,,,,,,,,,,,,,,,,,,,,,,,,,,890.8096556953515,891.3163884260794,1,1,0.7678267687588232,890.8096556953515,890.7181844844417,891.408302835569,892.808009484761,880.9091946755198,883.0071468492624,,,,,,,,,,P013,1,NA,2023_Jun_12_1416,N-Back for Neuroimaging,2021.1.4,120.13656710331777,
Conditions/Version_1/oneback(4)_v1.xlsx,Rule: Press 'right' when you see the same letter that appeared 1 letter ago (1-back).    ,g,1,Three,1.2,,,,,0,14,14,14,0,8,8,8,,,,,,,,,,,,,,,,,,,,,,,,,,,,,,,,,,892.9088677971286,893.4122595880963,1,1,0.6506332452427159,892.9088677971286,892.8178596898615,893.5090728192372,None,883.0086621218852,885.1025611279692,,,,,,,,,,P013,1,NA,2023_Jun_12_1416,N-Back for Neuroimaging,2021.1.4,120.13656710331777,
Conditions/Version_1/oneback(4)_v1.xlsx,Rule: Press 'right' when you see the same letter that appeared 1 letter ago (1-back).    ,G,2,Three,1.8,,,,,0,14,14,14,0,9,9,9,,,,,,,,,,,,,,,,,,,,,,,,,,,,,,,,,,894.999897675556,895.5003973236398,2,1,0.9946614009495534,894.999897675556,894.9154181166523,895.5989699753954,896.9986831559345,885.1040844870222,887.1978646847856,,,,,,,,,,P013,1,NA,2023_Jun_12_1416,N-Back for Neuroimaging,2021.1.4,120.13656710331777,
Conditions/Version_1/oneback(4)_v1.xlsx,Rule: Press 'right' when you see the same letter that appeared 1 letter ago (1-back).    ,,,,,,,,,0,14,14,14,,,,,,,,,,,,,,,,,,,,,,,,,,,,,,,,,,,,,,,,,,,,,,,,,887.1979583007669,897.0076432316746,916.0109564909617,887.1979682532965,907.1840913169453,915.9939162052997,None,,,P013,1,NA,2023_Jun_12_1416,N-Back for Neuroimaging,2021.1.4,120.13656710331777,
Conditions/Version_1/threeback(4)_v1.xlsx,Rule: Press 'right' when you see the same letter that appeared 3 letters ago (3-back).   ,v,1,Three,1.5,,,,,0,15,15,15,0,0,0,0,,,,,,,,,,,,,,,,,,,,,,,,,,,,,,907.1930563689493,916.2064030220845,916.2067317665769,919.2057368246387,929.1167263766602,929.6238239298,None,0,,929.1167263766602,None,929.7154413184871,None,919.2148520976352,921.3030489263238,,,,,,,,,,P013,1,NA,2023_Jun_12_1416,N-Back for Neuroimaging,2021.1.4,120.13656710331777,
Conditions/Version_1/threeback(4)_v1.xlsx,Rule: Press 'right' when you see the same letter that appeared 3 letters ago (3-back).   ,B,1,Three,1.2,,,,,0,15,15,15,0,1,1,1,,,,,,,,,,,,,,,,,,,,,,,,,,,,,,,,,,931.2078579574991,931.7103375369297,None,0,,931.2078579574991,None,931.8081391786618,None,921.30452158968,923.406713852024,,,,,,,,,,P013,1,NA,2023_Jun_12_1416,N-Back for Neuroimaging,2021.1.4,120.13656710331777,
Conditions/Version_1/threeback(4)_v1.xlsx,Rule: Press 'right' when you see the same letter that appeared 3 letters ago (3-back).   ,b,1,Three,1.7,,,,,0,15,15,15,0,2,2,2,,,,,,,,,,,,,,,,,,,,,,,,,,,,,,,,,,933.3078227193237,933.8087332202686,None,0,,933.3078227193237,None,933.9076884223778,None,923.4082381441258,925.5052485597589,,,,,,,,,,P013,1,NA,2023_Jun_12_1416,N-Back for Neuroimaging,2021.1.4,120.13656710331777,
Conditions/Version_1/threeback(4)_v1.xlsx,Rule: Press 'right' when you see the same letter that appeared 3 letters ago (3-back).   ,V,2,Three,1.1,,,,,0,15,15,15,0,3,3,3,,,,,,,,,,,,,,,,,,,,,,,,,,,,,,,,,,935.4074780196825,935.9153108159426,1,0,0.7683470994434174,935.4074780196825,None,936.0056483715325,937.4055702441765,925.5067268214134,927.604996232034,,,,,,,,,,P013,1,NA,2023_Jun_12_1416,N-Back for Neuroimaging,2021.1.4,120.13656710331777,
Conditions/Version_1/threeback(4)_v1.xlsx,Rule: Press 'right' when you see the same letter that appeared 3 letters ago (3-back).   ,P,1,Three,1.1,,,,,0,15,15,15,0,4,4,4,,,,,,,,,,,,,,,,,,,,,,,,,,,,,,,,,,937.5059844249135,938.007502030161,1,1,0.8538766502151702,937.5059844249135,None,938.1058635016798,None,927.6064664072583,929.7040490933396,,,,,,,,,,P013,1,NA,2023_Jun_12_1416,N-Back for Neuroimaging,2021.1.4,120.13656710331777,
Conditions/Version_1/threeback(4)_v1.xlsx,Rule: Press 'right' when you see the same letter that appeared 3 letters ago (3-back).   ,G,1,Three,1,,,,,0,15,15,15,0,5,5,5,,,,,,,,,,,,,,,,,,,,,,,,,,,,,,,,,,939.6061373517496,940.1109361815816,1,1,0.762571522143844,939.6061373517496,None,940.2048218139553,None,929.7055441498869,931.8002290947879,,,,,,,,,,P013,1,NA,2023_Jun_12_1416,N-Back for Neuroimaging,2021.1.4,120.13656710331777,
Conditions/Version_1/threeback(4)_v1.xlsx,Rule: Press 'right' when you see the same letter that appeared 3 letters ago (3-back).   ,V,2,Three,1.7,,,,,0,15,15,15,0,6,6,6,,,,,,,,,,,,,,,,,,,,,,,,,,,,,,,,,,941.7054965643565,942.2124389202381,2,1,1.4671642724097183,941.7054965643565,None,942.3040861665122,943.7037001327735,931.8017652055205,933.9028437176057,,,,,,,,,,P013,1,NA,2023_Jun_12_1416,N-Back for Neuroimaging,2021.1.4,120.13656710331777,
Conditions/Version_1/threeback(4)_v1.xlsx,Rule: Press 'right' when you see the same letter that appeared 3 letters ago (3-back).   ,p,2,Three,1.4,,,,,0,15,15,15,0,7,7,7,,,,,,,,,,,,,,,,,,,,,,,,,,,,,,,,,,943.8052905780969,944.3081147638622,1,0,0.9093455185466155,943.8052905780969,None,944.4051167820489,None,933.904362100393,936.0033487151741,,,,,,,,,,P013,1,NA,2023_Jun_12_1416,N-Back for Neuroimaging,2021.1.4,120.13656710331777,
Conditions/Version_1/threeback(4)_v1.xlsx,Rule: Press 'right' when you see the same letter that appeared 3 letters ago (3-back).   ,b,1,Three,1.2,,,,,0,15,15,15,0,8,8,8,,,,,,,,,,,,,,,,,,,,,,,,,,,,,,,,,,945.904523829,946.4081790509827,2,0,1.4180892822769238,945.904523829,947.9034909430429,946.5054090442991,None,936.0053684566392,938.1026155558648,,,,,,,,,,P013,1,NA,2023_Jun_12_1416,N-Back for Neuroimaging,2021.1.4,120.13656710331777,
Conditions/Version_1/threeback(4)_v1.xlsx,Rule: Press 'right' when you see the same letter that appeared 3 letters ago (3-back).   ,b,1,Three,1.6,,,,,0,15,15,15,0,9,9,9,,,,,,,,,,,,,,,,,,,,,,,,,,,,,,,,,,948.0027599608493,948.5049729990988,2,0,0.7108432498371258,948.0027599608493,None,948.6033546866929,None,938.1029038682063,940.2014575479516,,,,,,,,,,P013,1,NA,2023_Jun_12_1416,N-Back for Neuroimaging,2021.1.4,120.13656710331777,
Conditions/Version_1/threeback(4)_v1.xlsx,Rule: Press 'right' when you see the same letter that appeared 3 letters ago (3-back).   ,,,,,,,,,0,15,15,15,,,,,,,,,,,,,,,,,,,,,,,,,,,,,,,,,,,,,,,,,,,,,,,,,940.201552407998,950.0108784258082,969.0151810287371,940.2015626715438,960.1906945092815,968.9979852348006,None,,,P013,1,NA,2023_Jun_12_1416,N-Back for Neuroimaging,2021.1.4,120.13656710331777,
,,,,,,,,,,,,,,,,,,,,,,,,,,,,,,,,,,,,,,,,,,,,,,,,,,,,,,,,,,,,,,,,,,,,,970.0082217224535,None,,,,,,,,
