Participant.ID,PRE.POST,Trial_type,LR_recipmodel,inv_recipmodel,Excl10_LR,Excl10_Inv,Optimal.choice,Response.time,Optimal.choice.perc,response.time.corr
P001,NA,Win,0.243455268,1.510602451,0.294103728,1.516722598,33,894.9666667,55,821
P002,NA,Win,0.022286189,3.380453298,0.025314568,3.321196238,42,936.0769231,80.76923077,881.9047619
P003,NA,Win,0.200525645,-0.515332855,0.186672636,-0.587600222,25,711.122449,51.02040816,752.12
P004,NA,Win,0.351786736,0.182982336,0.458661136,-0.345189326,23,1210.924528,43.39622642,1318.347826
P005,NA,Win,0.039206017,3.783843112,0.082921066,4.482399865,62,735.2741935,100,735.2741935
P006,NA,Win,0.039280893,2.462860245,0.049096638,2.591557338,38,819.2241379,65.51724138,852.7368421
P007,NA,Win,0.060956841,2.383174221,0.046271117,2.361153451,50,987.2295082,81.96721311,959.58
P008,NA,Win,0.073069272,4.625422876,0.074646984,4.512523303,60,651.4,100,651.4
P009,NA,Win,0.481519477,1.062314989,0.504416142,1.100250088,55,815.4333333,91.66666667,775.4909091
P010,NA,Win,0.193633673,-0.99965204,0.184734703,-0.927103059,35,1081.783333,58.33333333,1037.114286
P011,NA,Win,0.02326882,3.970439628,0.026703721,3.79982144,55,486.1833333,91.66666667,482.7454545
P012,NA,Win,0.040099787,3.931567045,0.046364251,3.817239949,60,699.8032787,98.36065574,691.45
P013,NA,Win,0.042117265,2.892681445,0.031493044,3.425538717,49,794.5932203,83.05084746,775.7346939
P014,NA,Win,0.063704141,3.335880785,0.106857702,3.64474909,59,617.2881356,100,617.2881356
P015,NA,Win,0.029838157,4.187910768,0.077163144,4.499547339,62,754.3709677,100,754.3709677
P016,NA,Win,0.034380767,4.48834768,0.0511361,4.627922283,41,766.5806452,66.12903226,722.2439024
P017,NA,Win,0.195783906,-1.084297201,0.227587336,-1.088215813,31,731.8333333,51.66666667,693.4516129
P018,NA,Win,0.027663075,3.288281493,0.034514505,3.196357613,43,909.9180328,70.49180328,867.8372093
P019,NA,Win,0.034534163,4.107982169,0.036889946,3.90554041,41,830.6393443,67.21311475,929.3658537
P020,NA,Win,0.070901911,2.520385257,0.119933395,2.621328493,42,774.0517241,72.4137931,765.1190476
P021,NA,Win,0.4908085,-1.062914191,0.605857922,-0.788707512,20,1063.432432,54.05405405,1069.75
P022,NA,Win,0.251750889,-0.575982895,0.167650979,-0.503286306,35,472.5423729,59.3220339,481.4285714
P023,NA,Win,0.020234408,3.940594172,0.021080174,4.161738326,59,564.8064516,95.16129032,553.0169492
P024,NA,Win,0.035924953,4.577435973,0.081008932,4.542439573,11,941.62,22,1334.818182
P025,NA,Win,0.214461773,2.192589035,0.253152287,2.458538911,57,687.9032258,91.93548387,712.6666667
P026,NA,Win,0.032636282,3.824697053,0.027696617,3.918108605,58,899.2758621,100,899.2758621
P027,NA,Win,0.471490473,0.411111185,0.35386386,-0.071858732,31,934.1020408,63.26530612,804.3225806
P028,NA,Win,0.241600263,-0.411723786,0.411725769,-0.682940651,25,1133.658537,60.97560976,1026.28
P029,NA,Win,0.233039757,-0.72218993,0.255570576,-0.659772694,33,459.5806452,53.22580645,439.5757576
P030,NA,Win,0.202390195,-0.130626759,0.107971785,0.693381929,35,921.3454545,63.63636364,938.7428571
P031,NA,Win,0.194680546,2.335625965,0.200652839,2.585602674,57,996.0677966,96.61016949,996.3157895
P032,NA,Win,0.037229972,3.711731468,0.108253447,4.597785625,60,807.9166667,100,807.9166667
P033,NA,Win,0.270025072,2.001469376,0.263978269,1.840644908,59,683.1746032,93.65079365,690.220339
P034,NA,Win,0.033205148,3.106075954,0.038415825,3.139272108,51,1220.2,92.72727273,1215.588235
P035,NA,Win,0.067645589,3.317070625,0.203256711,4.394756818,60,647.3166667,100,647.3166667
P036,NA,Win,0.138729801,2.870837107,0.144734451,2.794998354,46,734.8870968,74.19354839,718.6086957
P037,NA,Win,0.027459615,4.422164426,0.080448617,4.549625158,62,578.7096774,100,578.7096774
P038,NA,Win,0.063578488,2.984992072,0.07360132,2.988013396,46,1247.346939,93.87755102,1213.869565
P039,NA,Win,0.02690124,3.221193906,0.027515824,3.481323225,29,1177.708333,60.41666667,1108.586207
P040,NA,Win,0.04167654,3.165587736,0.028843816,3.223070434,50,816.9322034,84.74576271,777.72
P041,NA,Win,0.08283921,2.534170698,0.038264309,2.690468448,29,1016.59322,49.15254237,1024.517241
P042,NA,Win,0.026724456,3.708240886,0.041854965,3.599155923,57,631.0833333,95,623.1403509
P043,NA,Win,0.106360304,2.63571769,0.142214604,2.561406675,54,862.1,90,847.3333333
P044,NA,Win,0.033338542,2.827749563,0.037186759,2.705972985,45,923.2586207,77.5862069,927.3777778
P045,NA,Win,0.029700002,4.266188649,0.040624101,4.720238283,61,621.0967742,98.38709677,622.442623
P046,NA,Win,0.061973683,2.986510076,0.079194499,3.093326181,60,589.2419355,96.77419355,589.7
P047,NA,Win,0.150238308,2.587632072,0.226104794,4.523405493,61,656.9344262,100,656.9344262
P048,NA,Win,0.117604772,2.436488728,0.129009215,2.429988643,38,731.9344262,62.29508197,667.2631579
P049,NA,Win,0.02557816,4.50967761,0.08525677,4.61071218,61,588.557377,100,588.557377
P050,NA,Win,0.054523639,1.541246003,0.068574246,1.307333435,34,1160.326087,73.91304348,1126.823529
P051,NA,Win,0.06726148,2.774936534,0.051416885,2.911935322,37,1009.678571,66.07142857,964.2432432
P052,NA,Win,0.022499505,4.053352968,0.026028562,4.165967251,51,851.6842105,89.47368421,780.9215686
P054,NA,Win,0.022076997,3.993260183,0.021845984,4.084376118,36,888.0175439,63.15789474,845.4444444
P055,NA,Win,0.12118018,3.115327776,0.094179508,3.155026247,55,886.9122807,96.49122807,866.6727273
P056,NA,Win,0.020564357,3.931633859,0.023904752,3.940071105,34,840.557377,55.73770492,964.5882353
P057,NA,Win,0.215488931,2.493872975,0.2298698,2.531942157,57,713.1,95,697.754386
P058,NA,Win,0.029279247,4.135133054,0.114877245,4.642961483,61,713.9836066,100,713.9836066
P059,NA,Win,0.120340415,1.565682152,0.115731174,1.693323066,40,840.7966102,67.79661017,784.35
P001,NA,Loss,0.222828575,0.67176486,0.762267851,0.183321581,47,811.2857143,83.92857143,773.212766
P002,NA,Loss,0.225329313,-0.761163644,-0.754855642,0.259808587,23,1252.125,57.5,1227.130435
P003,NA,Loss,0.189911527,-1.432663909,-1.450897553,0.231752536,26,740.88,52,675.3461538
P004,NA,Loss,0.082278596,-0.089994365,-0.031002491,0.13687552,37,1119.265306,75.51020408,1066.162162
P005,NA,Loss,0.937502099,0.498110517,0.414384233,0.934889626,20,1607.36,80,1608.55
P006,NA,Loss,0.540829774,-0.600209631,-0.604560339,0.490672545,36,840.4727273,65.45454545,880.9166667
P007,NA,Loss,0.454485938,-0.031335777,0.008356466,0.625188257,45,1157.157895,78.94736842,1086.666667
P008,NA,Loss,0.021308671,1.520428335,1.501297009,0.025468516,47,919.3818182,85.45454545,915.7446809
P009,NA,Loss,0.648019849,-0.302196608,-0.546528654,0.602777972,36,1083.788462,69.23076923,1115.083333
P010,NA,Loss,0.40461749,-1.427472434,-1.392287866,0.46611558,31,1344.425926,57.40740741,1339.548387
P011,NA,Loss,0.026512279,1.985987655,1.638324786,0.105960048,59,551.1269841,93.65079365,541.9830508
P012,NA,Loss,0.069963778,1.548852131,1.828885769,0.031315666,56,793.6451613,90.32258065,772.4642857
P013,NA,Loss,0.4100029,0.26224587,0.301513265,0.540434579,38,887.7659574,80.85106383,871.5526316
P014,NA,Loss,0.029033222,2.460624896,2.296396304,0.041004227,57,912.7192982,100,912.7192982
P015,NA,Loss,0.029756748,1.980744955,1.831604336,0.048340133,56,799.0169492,94.91525424,800.0357143
P016,NA,Loss,0.29687019,0.842662929,0.905186832,0.866696346,53,900.442623,86.8852459,863.3207547
P017,NA,Loss,0.178258873,-0.462258692,-0.692016703,0.275460635,38,682.4666667,63.33333333,747.7368421
P018,NA,Loss,0.268978005,-1.54373452,-1.568740952,0.204875032,29,1233.716667,48.33333333,1082.689655
P019,NA,Loss,0.062607025,1.187893139,1.006222907,0.135945442,50,1091.824561,87.71929825,1065.96
P020,NA,Loss,0.103293988,-0.749200207,-0.69255927,0.183368396,27,1027.756098,65.85365854,1012.222222
P021,NA,Loss,0.276514022,-1.340348548,-1.257377128,0.439074219,20,1192.785714,47.61904762,1247.3
P022,NA,Loss,0.226022586,-1.262047673,-1.281170593,0.31499314,34,486.9166667,56.66666667,549.5882353
P023,NA,Loss,0.030261831,2.969464361,3.696751414,0.541470059,61,555.7377049,100,555.7377049
P024,NA,Loss,0.674808527,0.630091883,0.68315022,0.688315521,26,1005.285714,92.85714286,992.8461538
P025,NA,Loss,0.357573913,-1.290499362,-1.370162025,0.319581952,33,956.9,55,844.1212121
P026,NA,Loss,0.857249899,-0.841719611,-0.721974407,0.834720166,22,1108.485714,62.85714286,1206.363636
P027,NA,Loss,0.147732563,0.453487404,0.40607112,0.251641999,38,917.0666667,84.44444444,869.2894737
P028,NA,Loss,0.216051427,-0.476029653,-0.334330501,0.274598719,26,1180.314286,74.28571429,1204.461538
P029,NA,Loss,0.533985451,-1.314693268,-1.374644249,0.475077218,32,392.0491803,52.45901639,422.40625
P030,NA,Loss,0.247186439,-1.666723061,-1.655099555,0.25496908,27,1019.627119,45.76271186,1032.666667
P031,NA,Loss,0.126771536,0.811447473,1.052896879,0.060854075,40,1031.934783,86.95652174,993.2
P032,NA,Loss,0.047137044,2.428231432,2.446240965,0.041485482,54,862.6363636,98.18181818,857.9074074
P033,NA,Loss,0.029070847,2.098114848,2.139301634,0.024987646,56,684.1166667,93.33333333,696.3214286
P034,NA,Loss,0.486599275,-0.906115683,-1.010462357,0.325949359,14,1495.807692,53.84615385,1428.5
P035,NA,Loss,0.033907441,2.019699162,1.920451759,0.039120112,58,711.4920635,92.06349206,682.4655172
P036,NA,Loss,0.032500391,1.877407826,1.94619107,0.024755368,52,1018.092593,96.2962963,996.1923077
P037,NA,Loss,0.03775553,2.295083489,1.960764768,0.695077993,59,690.1333333,98.33333333,692.4576271
P038,NA,Loss,0.302788254,-0.145204319,0.011094569,0.138228458,23,1342.48,92,1326.173913
P039,NA,Loss,0.468175869,0.229962651,0.40427265,0.746103362,15,1135.176471,88.23529412,1069.133333
P040,NA,Loss,0.280683645,-0.196802107,-0.322039172,0.17876743,24,1063.212121,72.72727273,1116.125
P041,NA,Loss,0.330999532,-1.633643891,-1.663869099,0.201704311,17,1175.315789,44.73684211,1262.588235
P042,NA,Loss,0.033215077,2.88279592,3.705476986,0.544703784,63,623.0793651,100,623.0793651
P043,NA,Loss,0.02784565,2.884145088,3.700617655,0.543210196,62,772.0967742,100,772.0967742
P044,NA,Loss,0.124977188,0.848719492,1.107457207,0.042935495,47,929,88.67924528,894.6808511
P045,NA,Loss,0.087736096,1.771165353,1.800147436,0.114995856,59,650.0819672,96.72131148,648.0508475
P046,NA,Loss,0.021874738,2.599281843,3.682388319,0.535517711,61,693.3442623,100,693.3442623
P047,NA,Loss,0.03854905,1.614130219,1.668807614,0.033463867,54,758.3442623,88.52459016,751.2962963
P048,NA,Loss,0.07881175,1.452948251,1.636869759,0.053204727,49,965.1481481,90.74074074,1000.183673
P049,NA,Loss,0.025815855,2.539659713,3.680357774,0.537498277,61,855.4193548,98.38709677,838
P050,NA,Loss,0.515404959,-0.781270376,-0.623460947,0.437588052,25,1017.692308,64.1025641,1028.28
P051,NA,Loss,0.77880194,-0.29612567,-0.544405196,0.324782716,30,1330.604651,69.76744186,1320.666667
P052,NA,Loss,0.8899434,-0.624539648,-1.09364303,0.667556586,30,1463.354167,62.5,1458.1
P054,NA,Loss,0.490283334,0.479321454,0.685392441,0.188571958,35,1378.214286,83.33333333,1349.885714
P055,NA,Loss,0.769415472,0.583241567,0.894259968,0.707861041,45,849.5531915,95.74468085,826.9777778
P056,NA,Loss,0.039577745,1.812663966,1.708834047,0.053652066,58,947.2741935,93.5483871,942.2241379
P057,NA,Loss,0.040091875,1.399497523,1.398243739,0.046788003,46,942.1176471,90.19607843,925.9565217
P058,NA,Loss,0.127533265,0.592241766,0.522494012,0.278097466,43,1046.018519,79.62962963,1020.581395
P059,NA,Loss,0.290475716,-1.728974358,-1.731103599,0.254166605,24,1078.283333,40,1122.291667
