Participant.ID,a(0),a(1),st,sz,t(0),t(1),v(0),v(1),z_trans(0),z_trans(1)
P001,1.080422289,1.140712225,0.241387106,0.213687432,0.722609946,0.558938779,0.587801769,1.569821219,-0.274052811,0.284795778
P002,1.461759826,1.51563308,0.197551515,0.213842241,0.575345034,0.431370062,0.013959804,1.027833,0.146611905,0.219228782
P003,1.681244688,1.680375807,0.125347409,0.226547481,0.59787938,0.42735477,0.199628939,1.326969334,-0.051099083,-0.007853621
P004,1.719901644,1.941714443,0.268256622,0.183691054,0.870457663,0.80352815,0.403994089,0.903589618,-0.047474355,-0.043185657
P005,1.848439167,2.969905034,0.199173969,0.19762264,0.625883525,0.435093546,-0.0530814,1.961118348,0.028150781,-0.055689343
P006,1.827217171,1.496950566,0.299250075,0.186647492,0.778272188,0.671570547,0.281128593,0.93705042,-0.146753128,0.373517102
P007,1.172144114,1.742465054,0.364153628,0.213588303,0.675574523,0.579947593,0.161624458,2.002859204,-0.317747341,0.112576072
P008,1.806920487,2.924126306,0.155940543,0.187317011,0.57581522,0.399407073,-0.216969498,1.86243998,-0.351813825,0.09711652
P009,1.03086945,1.945550124,0.106147062,0.204151221,0.585422003,0.474245206,-0.38266725,2.248108328,0.042400585,0.172555246
P010,2.228248513,2.534278777,0.152271393,0.18016861,0.516395192,0.471359244,-0.195494772,0.914974893,0.030124979,0.520101397
P011,1.332766199,2.033233624,0.149043792,0.210545562,0.681364714,0.488793481,-0.062562081,1.186739061,-0.193751072,0.263123601
P012,1.370297923,2.213363768,0.295685641,0.182460557,0.676062354,0.494778522,-0.498533992,1.806100749,-0.023536756,0.314263228
P013,1.245669516,2.748359479,0.312478792,0.182442876,0.946755693,0.603733496,0.301864683,1.93093124,-0.494366692,0.092711873
P014,1.246902477,2.423483956,0.126201564,0.197392216,0.604479941,0.444039342,0.09383564,2.137162674,-0.208484555,0.116137085
P015,1.115420165,2.629045293,0.270980723,0.218105986,0.660264061,0.485253211,0.308506371,2.339407189,-0.088027677,-0.043731291
P016,1.309376549,1.839593668,0.164415511,0.211911805,0.669861548,0.532907373,-0.256552698,1.528289103,0.05276357,0.074602096
P017,1.588187756,2.337123783,0.165093191,0.187718843,0.603383542,0.472559996,0.235875115,1.813296458,-0.191760207,0.323351637
P018,1.168993585,2.014102865,0.371446794,0.204434999,0.868692717,0.586820907,-0.290101319,1.951850362,0.093113114,0.028336386
P019,1.239328383,2.274278163,0.242680531,0.211863244,0.660573673,0.518397295,-0.450580393,1.969126037,0.04124917,0.24026669
P020,1.281581752,1.848630554,0.093763654,0.199128944,0.602170965,0.578647118,0.023502361,1.787583139,-0.194138233,0.449381472
P021,1.440545302,2.829788666,0.30365309,0.185880477,0.90215548,0.58031283,-0.105006827,2.154798817,-0.442872639,-0.154993045
P022,1.435342633,2.139794514,0.252210358,0.205471607,0.702410182,0.588424295,0.35332369,2.753152505,-0.04686041,0.086833106
P023,1.885454485,2.49505997,0.171654418,0.179061841,0.612609404,0.442513648,-0.036109645,1.989709088,-0.155093279,0.21857311
P024,1.863548265,2.956238659,0.257333086,0.17911604,0.967215383,0.476127807,0.103220493,1.532358531,-0.276045075,0.054103408
P025,1.422349039,1.895433412,0.118320995,0.190657636,0.632144546,0.522835205,-0.627426723,1.564364429,-0.057095849,0.165075182
P026,1.502281439,2.187434426,0.149938242,0.179613815,0.842336729,0.612518084,0.003541831,1.348487843,-0.296963121,0.43491971
P027,1.888977625,2.283635162,0.257286706,0.178795691,0.757268961,0.562715041,0.229807447,1.225693901,-0.304567181,0.207959768
P028,1.42716302,2.211100911,0.13870094,0.168905852,0.586110427,0.505323511,-0.706163219,2.190643949,-0.397768055,0.300912983
P029,1.401933711,1.95174782,0.196472385,0.19237614,0.595566853,0.503952091,-0.027736356,1.681183685,-0.150226143,0.268179363
P030,1.302607294,1.096730593,0.347468616,0.231789148,0.75466902,0.604444642,0.037310736,1.733706009,-0.103983599,-0.179639401
P031,1.586795414,2.184042651,0.092819973,0.226136445,0.612938965,0.461678476,0.617852161,1.714020068,-0.425808117,0.211663789
P032,1.69088255,2.724386483,0.12211038,0.191084244,0.775306737,0.531335049,0.19187088,1.913797688,-0.62952824,0.110864482
P033,1.176270448,1.647161155,0.148855251,0.213904239,0.645814603,0.529345928,-0.092492733,1.624099429,-0.083862639,0.071992221
P034,1.266761583,2.121136026,0.140505702,0.221586683,0.635915849,0.436845052,-0.177192631,1.277901883,-0.038640139,0.273318531
P035,2.004386085,1.759953844,0.145088732,0.188885849,0.779598289,0.597200693,0.293420331,1.098537939,-0.4122092,0.467678722
P036,1.481298772,1.967696343,0.130849044,0.192883522,0.700413216,0.602093079,0.015728205,1.882251773,-0.15064051,0.250821853
P037,1.019396394,2.095732663,0.104701509,0.166305643,0.616471792,0.56039217,0.215062347,1.725918615,-0.031760524,0.516598323
P038,2.225727753,2.759011357,0.160172526,0.1768709,0.617987837,0.4319641,-0.108712404,1.141632003,-0.212780304,0.392337313
P039,1.759818026,1.660341718,0.576857279,0.185556692,0.873706126,0.740533188,0.697350075,1.054773627,-0.841360159,0.372074279
P040,1.823611205,2.652854096,0.272669682,0.189175899,0.649663196,0.492858011,0.028589291,1.154302761,-0.042431415,0.038099582
P041,2.21835004,2.235787509,0.194042704,0.189474309,0.553354221,0.538004643,0.381304945,0.458424657,-0.320978078,0.29367173
P042,1.2015741,2.331794084,0.301383023,0.198875818,0.816739958,0.622165078,-0.467453819,2.971684749,0.301276058,0.04077062
P043,1.176386055,2.35390979,0.117037306,0.211314917,0.697713224,0.464170187,0.027610959,1.931059886,-0.165332716,0.030977424
P044,1.387936122,2.261008628,0.343973427,0.211018504,0.822889726,0.520420566,0.260555734,1.291751961,-0.202999351,-0.150142625
P045,1.545466135,1.89375685,0.243086075,0.199764377,0.925077757,0.564451764,-0.18872611,0.959361849,-0.026935522,0.281938916
P046,1.425168195,2.563669454,0.234115383,0.193299744,0.594530847,0.457456915,0.089988261,1.686604159,-0.074803555,0.234533696
P047,1.302579306,2.634720591,0.209517452,0.198565299,0.782250571,0.53224362,0.310133503,2.715106496,-0.624610732,-0.058486229
P048,1.498390295,2.739974193,0.244291559,0.19982731,0.706930524,0.478856885,0.150323932,2.205970314,-0.219222901,-0.063759144
P049,1.666143472,2.640787418,0.179183729,0.197903267,0.637226077,0.463000904,-0.490155382,1.506733691,0.007117365,0.118576616
P050,1.75182631,2.331934641,0.15009423,0.180631152,0.555753746,0.529856995,0.128857516,0.9939381,-0.107258816,0.51265316
P051,1.722297981,1.83719884,0.161879809,0.192415992,0.649580417,0.541217916,-0.083356626,1.067075744,0.004431654,0.159641394
P052,1.302106841,1.927268775,0.175627282,0.230128895,0.637318175,0.542374478,-0.534594406,1.66936072,0.420966389,-0.077752712
P054,1.412283054,2.221887458,0.104147409,0.209585488,0.514712514,0.432280487,0.081673999,2.581261383,-0.43016778,0.15902585
P055,1.946133273,2.547111248,0.260508707,0.156751599,0.821667035,0.578439592,-0.316037672,2.095326774,-0.462859846,0.231952166
P056,1.96965187,2.030576226,0.263123209,0.179843381,0.846615527,0.932238469,0.179759163,0.863495403,-0.192066507,0.030150071
P057,1.958221017,2.357005849,0.205767225,0.180691624,0.628827775,0.435876331,0.235086536,0.772276247,-0.285431192,0.43483053
P058,1.201439007,1.136403904,0.364978354,0.224722455,0.537868448,0.635893421,0.428988595,1.505216355,-0.036879094,0.162731216
P059,1.816771139,2.476769753,0.151653995,0.205813667,0.459044249,0.392647601,0.255956882,0.803796294,0.10179832,0.134574198
