trialOrderFile,im_fName,key_correct,im_type,im_familiarity,loop_waitScanner.thisRepN,loop_waitScanner.thisTrialN,loop_waitScanner.thisN,loop_waitScanner.thisIndex,loop_block.thisRepN,loop_block.thisTrialN,loop_block.thisN,loop_block.thisIndex,loop_trials.thisRepN,loop_trials.thisTrialN,loop_trials.thisN,loop_trials.thisIndex,txt_checkLeft.started,txt_checkLeft.stopped,key_checkLeft.keys,key_checkLeft.rt,key_checkLeft.started,key_checkLeft.stopped,time_expBegin,txt_checkRight.started,txt_checkRight.stopped,key_checkRight.keys,key_checkRight.rt,key_checkRight.started,key_checkRight.stopped,str_keyInst.started,str_keyInst.stopped,key_moveToWaitScanner.keys,key_moveToWaitScanner.rt,key_moveToWaitScanner.started,key_moveToWaitScanner.stopped,str_waitScanner.started,str_waitScanner.stopped,time_vol1,str_fixRest.started,str_fixRest.stopped,str_bangRest.started,str_bangRest.stopped,time_restBegin,time_restEnd,time_trialBegin,im_trialImage.started,im_trialImage.stopped,key_resp2.keys,key_resp2.corr,key_resp2.rt,key_resp2.started,key_resp2.stopped,str_fixITI.started,str_fixITI.stopped,time_trialEnd,str_end.started,str_end.stopped,key_end.keys,key_end.rt,key_end.started,key_end.stopped,participant,date,expName,psychopyVersion,frameRate,
,,,,,,,,,,,,,,,,,2226.7171446397224,None,1,9.331327886779036,2226.7171446397224,None,,,,,,,,,,,,,,,,,,,,,,,,,,,,,,,,,,,,,,,,P043,2023_Oct_19_1329,Hipp_fMRI_OHBA_201806_v1842_L1R2,2021.1.4,120.05825090479006,
,,,,,,,,,,,,,,,,,,,,,,,1.0885643860092387e-05,2236.0721301400463,None,2,4.082479587863418,2236.0721301400463,None,,,,,,,,,,,,,,,,,,,,,,,,,,,,,,,,,P043,2023_Oct_19_1329,Hipp_fMRI_OHBA_201806_v1842_L1R2,2021.1.4,120.05825090479006,
,,,,,,,,,,,,,,,,,,,,,,,,,,,,,,2240.1666697768505,None,1,16.46072708634165,2240.1666697768505,None,,,,,,,,,,,,,,,,,,,,,,,,,,,P043,2023_Oct_19_1329,Hipp_fMRI_OHBA_201806_v1842_L1R2,2021.1.4,120.05825090479006,
scan_order1.xlsx,cl001.jpg,2,scene,familiar,,,,,0,0,0,0,0,0,0,0,,,,,,,,,,,,,,,,,,,,2270.0807733409965,None,44.18337581844571,2270.880642340053,2282.3896037128143,2282.36955951088,None,44.183402566026416,56.18360690510599,56.19720120774582,2282.9226764749437,None,2,1,0.9435318128271319,2282.9226764749437,None,2284.8857436636226,None,58.68377703216356,,,,,,,P043,2023_Oct_19_1329,Hipp_fMRI_OHBA_201806_v1842_L1R2,2021.1.4,120.05825090479006,
scan_order1.xlsx,cl002.jpg,1,animal,familiar,,,,,0,0,0,0,0,1,1,1,,,,,,,,,,,,,,,,,,,,,,,,,,,,,58.68405632667418,2285.4109349088285,None,1,1,1.3450693011163821,2285.4109349088285,None,2287.3851847635833,None,61.191165273925435,,,,,,,P043,2023_Oct_19_1329,Hipp_fMRI_OHBA_201806_v1842_L1R2,2021.1.4,120.05825090479006,
scan_order1.xlsx,cl003.jpg,2,scene,familiar,,,,,0,0,0,0,0,2,2,2,,,,,,,,,,,,,,,,,,,,,,,,,,,,,61.19145980833855,2287.918613952783,None,2,1,0.8834505250615621,2287.918613952783,None,2289.8845599276447,None,63.68476140535495,,,,,,,P043,2023_Oct_19_1329,Hipp_fMRI_OHBA_201806_v1842_L1R2,2021.1.4,120.05825090479006,
scan_order1.xlsx,cl004.jpg,1,animal,familiar,,,,,0,0,0,0,0,3,3,3,,,,,,,,,,,,,,,,,,,,,,,,,,,,,63.6851038365985,2290.40973779906,None,1,1,0.8833323380749789,2290.40973779906,None,2292.3871348488647,None,66.1897227706504,,,,,,,P043,2023_Oct_19_1329,Hipp_fMRI_OHBA_201806_v1842_L1R2,2021.1.4,120.05825090479006,
scan_order1.xlsx,cl005.jpg,2,scene,familiar,,,,,0,0,0,0,0,4,4,4,,,,,,,,,,,,,,,,,,,,,,,,,,,,,66.18999584479388,2292.936107492931,None,2,1,1.1378732065131771,2292.936107492931,None,2294.884562415793,None,68.69083683851022,,,,,,,P043,2023_Oct_19_1329,Hipp_fMRI_OHBA_201806_v1842_L1R2,2021.1.4,120.05825090479006,
scan_order1.xlsx,cl006.jpg,2,scene,familiar,,,,,0,0,0,0,0,5,5,5,,,,,,,,,,,,,,,,,,,,,,,,,,,,,68.69117771466153,2295.411528642928,None,2,1,0.9324306335693109,2295.411528642928,None,2297.3839543748472,None,71.18862767491373,,,,,,,P043,2023_Oct_19_1329,Hipp_fMRI_OHBA_201806_v1842_L1R2,2021.1.4,120.05825090479006,
scan_order1.xlsx,cl007.jpg,1,animal,familiar,,,,,0,0,0,0,0,6,6,6,,,,,,,,,,,,,,,,,,,,,,,,,,,,,71.18889981600114,2297.899652094833,None,1,1,0.7903216676550073,2297.899652094833,None,2299.891107175692,None,73.69112390848022,,,,,,,P043,2023_Oct_19_1329,Hipp_fMRI_OHBA_201806_v1842_L1R2,2021.1.4,120.05825090479006,
scan_order1.xlsx,cl008.jpg,1,animal,familiar,,,,,0,0,0,0,0,7,7,7,,,,,,,,,,,,,,,,,,,,,,,,,,,,,73.6914632295393,2300.398708776069,None,1,1,0.8871292505318706,2300.398708776069,None,2302.382888825856,None,76.19589368645029,,,,,,,P043,2023_Oct_19_1329,Hipp_fMRI_OHBA_201806_v1842_L1R2,2021.1.4,120.05825090479006,
scan_order1.xlsx,,,,,,,,,0,0,0,0,,,,,,,,,,,,,,,,,,,,,,,,,,,2302.8910294210964,2314.404364645421,2314.3810329791468,None,76.19596024438579,88.18534083260784,,,,,,,,,,,,,,,,,,P043,2023_Oct_19_1329,Hipp_fMRI_OHBA_201806_v1842_L1R2,2021.1.4,120.05825090479006,
scan_order2.xlsx,cl009.jpg,2,scene,novel,,,,,0,1,1,1,0,0,0,0,,,,,,,,,,,,,,,,,,,,,,,,,,,,,88.1924600434686,2314.938492381916,None,2,1,0.7602349930511991,2314.938492381916,None,2316.8882383420987,None,90.68413625839821,,,,,,,P043,2023_Oct_19_1329,Hipp_fMRI_OHBA_201806_v1842_L1R2,2021.1.4,120.05825090479006,
scan_order2.xlsx,cl010.jpg,1,animal,novel,,,,,0,1,1,1,0,1,1,1,,,,,,,,,,,,,,,,,,,,,,,,,,,,,90.68440653337711,2317.403581501125,None,1,1,1.1331276879773213,2317.403581501125,None,2319.3859489357583,None,93.19309358792088,,,,,,,P043,2023_Oct_19_1329,Hipp_fMRI_OHBA_201806_v1842_L1R2,2021.1.4,120.05825090479006,
scan_order2.xlsx,cl011.jpg,1,animal,novel,,,,,0,1,1,1,0,2,2,2,,,,,,,,,,,,,,,,,,,,,,,,,,,,,93.19342979879548,2319.9190615082407,None,1,1,0.9896536623655265,2319.9190615082407,None,2321.8791301686597,None,95.68410204637621,,,,,,,P043,2023_Oct_19_1329,Hipp_fMRI_OHBA_201806_v1842_L1R2,2021.1.4,120.05825090479006,
scan_order2.xlsx,cl012.jpg,1,animal,novel,,,,,0,1,1,1,0,3,3,3,,,,,,,,,,,,,,,,,,,,,,,,,,,,,95.68444416660168,2322.3890357932396,None,1,1,0.6476223888439563,2322.3890357932396,None,2324.384752448026,None,98.19150863822506,,,,,,,P043,2023_Oct_19_1329,Hipp_fMRI_OHBA_201806_v1842_L1R2,2021.1.4,120.05825090479006,
scan_order2.xlsx,cl013.jpg,2,scene,novel,,,,,0,1,1,1,0,4,4,4,,,,,,,,,,,,,,,,,,,,,,,,,,,,,98.19177891320214,2324.9098908201067,None,2,1,0.6837537057854206,2324.9098908201067,None,2326.8783072140104,None,100.69004778486487,,,,,,,P043,2023_Oct_19_1329,Hipp_fMRI_OHBA_201806_v1842_L1R2,2021.1.4,120.05825090479006,
scan_order2.xlsx,cl014.jpg,1,animal,novel,,,,,0,1,1,1,0,5,5,5,,,,,,,,,,,,,,,,,,,,,,,,,,,,,100.69032085900835,2327.4011033066236,None,1,1,0.7045841621966247,2327.4011033066236,None,2329.3854024764532,None,103.19265722912496,,,,,,,P043,2023_Oct_19_1329,Hipp_fMRI_OHBA_201806_v1842_L1R2,2021.1.4,120.05825090479006,
scan_order2.xlsx,cl015.jpg,2,scene,novel,,,,,0,1,1,1,0,6,6,6,,,,,,,,,,,,,,,,,,,,,,,,,,,,,103.19300090444085,2329.925498655779,None,2,1,0.6701422971309512,2329.925498655779,None,2331.8837649646503,None,105.69731130825494,,,,,,,P043,2023_Oct_19_1329,Hipp_fMRI_OHBA_201806_v1842_L1R2,2021.1.4,120.05825090479006,
scan_order2.xlsx,cl016.jpg,2,scene,novel,,,,,0,1,1,1,0,7,7,7,,,,,,,,,,,,,,,,,,,,,,,,,,,,,105.6976017994275,2332.403082627634,None,2,1,0.7745300201167993,2332.403082627634,None,2334.3922131570725,None,108.19115812050404,,,,,,,P043,2023_Oct_19_1329,Hipp_fMRI_OHBA_201806_v1842_L1R2,2021.1.4,120.05825090479006,
scan_order2.xlsx,,,,,,,,,0,1,1,1,,,,,,,,,,,,,,,,,,,,,,,,,,,2334.890654021903,2346.3971773215344,2346.3738649383995,None,108.19122996575061,120.18682345725574,,,,,,,,,,,,,,,,,,P043,2023_Oct_19_1329,Hipp_fMRI_OHBA_201806_v1842_L1R2,2021.1.4,120.05825090479006,
scan_order3.xlsx,cl017.jpg,2,scene,familiar,,,,,0,2,2,2,0,0,0,0,,,,,,,,,,,,,,,,,,,,,,,,,,,,,120.19667558667425,2346.9230823539365,None,2,1,1.297406977510036,2346.9230823539365,None,2348.887705878622,None,122.68643375121792,,,,,,,P043,2023_Oct_19_1329,Hipp_fMRI_OHBA_201806_v1842_L1R2,2021.1.4,120.05825090479006,
scan_order3.xlsx,cl018.jpg,1,animal,familiar,,,,,0,2,2,2,0,1,1,1,,,,,,,,,,,,,,,,,,,,,,,,,,,,,122.68671024656214,2349.406225157407,None,1,1,0.5963472756648116,2349.406225157407,None,2351.3879313669513,None,125.18434899497515,,,,,,,P043,2023_Oct_19_1329,Hipp_fMRI_OHBA_201806_v1842_L1R2,2021.1.4,120.05825090479006,
scan_order3.xlsx,cl019.jpg,1,animal,familiar,,,,,0,2,2,2,0,2,2,2,,,,,,,,,,,,,,,,,,,,,,,,,,,,,125.18464041920379,2351.904956202392,None,1,1,0.5094145265484258,2351.904956202392,None,2353.886700356179,None,127.68679422152672,,,,,,,P043,2023_Oct_19_1329,Hipp_fMRI_OHBA_201806_v1842_L1R2,2021.1.4,120.05825090479006,
scan_order3.xlsx,cl020.jpg,2,scene,familiar,,,,,0,2,2,2,0,3,3,3,,,,,,,,,,,,,,,,,,,,,,,,,,,,,127.68712670018249,2354.4053847857267,None,2,1,0.46502753756794846,2354.4053847857267,None,2356.3796411718686,None,130.19176180719114,,,,,,,P043,2023_Oct_19_1329,Hipp_fMRI_OHBA_201806_v1842_L1R2,2021.1.4,120.05825090479006,
scan_order3.xlsx,cl021.jpg,2,scene,familiar,,,,,0,2,2,2,0,4,4,4,,,,,,,,,,,,,,,,,,,,,,,,,,,,,130.19209832908564,2356.8963857797426,None,2,1,0.6790240491845907,2356.8963857797426,None,2358.8849328386896,None,132.68493588666934,,,,,,,P043,2023_Oct_19_1329,Hipp_fMRI_OHBA_201806_v1842_L1R2,2021.1.4,120.05825090479006,
scan_order3.xlsx,cl022.jpg,2,scene,familiar,,,,,0,2,2,2,0,5,5,5,,,,,,,,,,,,,,,,,,,,,,,,,,,,,132.68527209754575,2359.3888227456464,None,2,1,0.6924746613331081,2359.3888227456464,None,2361.38583105979,None,135.185123430756,,,,,,,P043,2023_Oct_19_1329,Hipp_fMRI_OHBA_201806_v1842_L1R2,2021.1.4,120.05825090479006,
scan_order3.xlsx,cl023.jpg,1,animal,familiar,,,,,0,2,2,2,0,6,6,6,,,,,,,,,,,,,,,,,,,,,,,,,,,,,135.18546990523828,2361.9013098228315,None,1,1,0.585002257992528,2361.9013098228315,None,2363.8864092429685,None,137.6897084638058,,,,,,,P043,2023_Oct_19_1329,Hipp_fMRI_OHBA_201806_v1842_L1R2,2021.1.4,120.05825090479006,
scan_order3.xlsx,cl024.jpg,1,animal,familiar,,,,,0,2,2,2,0,7,7,7,,,,,,,,,,,,,,,,,,,,,,,,,,,,,137.69000019905252,2364.394944209522,None,1,1,0.5774606841659988,2364.394944209522,None,2366.3842090989056,None,140.18396426523213,,,,,,,P043,2023_Oct_19_1329,Hipp_fMRI_OHBA_201806_v1842_L1R2,2021.1.4,120.05825090479006,
scan_order3.xlsx,,,,,,,,,0,2,2,2,,,,,,,,,,,,,,,,,,,,,,,,,,,2366.883027540056,2378.389814894297,2378.3719975840104,None,140.18403922066318,152.1865370093219,,,,,,,,,,,,,,,,,,P043,2023_Oct_19_1329,Hipp_fMRI_OHBA_201806_v1842_L1R2,2021.1.4,120.05825090479006,
scan_order4.xlsx,cl025.jpg,1,animal,novel,,,,,0,3,3,3,0,0,0,0,,,,,,,,,,,,,,,,,,,,,,,,,,,,,152.19431868934407,2378.9140270536245,None,1,1,0.734149569985675,2378.9140270536245,None,2380.888395406384,None,154.68924007011628,,,,,,,P043,2023_Oct_19_1329,Hipp_fMRI_OHBA_201806_v1842_L1R2,2021.1.4,120.05825090479006,
scan_order4.xlsx,cl026.jpg,1,animal,novel,,,,,0,3,3,3,0,1,1,1,,,,,,,,,,,,,,,,,,,,,,,,,,,,,154.68953304943534,2381.396306781073,None,1,1,0.6878463967277639,2381.396306781073,None,2383.3799935557,None,157.1933632408618,,,,,,,P043,2023_Oct_19_1329,Hipp_fMRI_OHBA_201806_v1842_L1R2,2021.1.4,120.05825090479006,
scan_order4.xlsx,cl027.jpg,2,scene,novel,,,,,0,3,3,3,0,2,2,2,,,,,,,,,,,,,,,,,,,,,,,,,,,,,157.19363507093112,2383.896755580603,None,2,1,0.6383786113910901,2383.896755580603,None,2385.8883755012066,None,159.69291941762458,,,,,,,P043,2023_Oct_19_1329,Hipp_fMRI_OHBA_201806_v1842_L1R2,2021.1.4,120.05825090479006,
scan_order4.xlsx,cl028.jpg,2,scene,novel,,,,,0,3,3,3,0,3,3,3,,,,,,,,,,,,,,,,,,,,,,,,,,,,,159.69320928676098,2386.3971627036717,None,2,1,0.6799841629435832,2386.3971627036717,None,2388.38780820367,None,162.18559897786872,,,,,,,P043,2023_Oct_19_1329,Hipp_fMRI_OHBA_201806_v1842_L1R2,2021.1.4,120.05825090479006,
scan_order4.xlsx,cl029.jpg,2,scene,novel,,,,,0,3,3,3,0,4,4,4,,,,,,,,,,,,,,,,,,,,,,,,,,,,,162.18586303247866,2388.888780136127,None,2,1,1.1622477174350934,2388.888780136127,None,2390.8858525200576,None,164.68378138642038,,,,,,,P043,2023_Oct_19_1329,Hipp_fMRI_OHBA_201806_v1842_L1R2,2021.1.4,120.05825090479006,
scan_order4.xlsx,cl030.jpg,1,animal,novel,,,,,0,3,3,3,0,5,5,5,,,,,,,,,,,,,,,,,,,,,,,,,,,,,164.6840460630665,2391.387037811128,None,1,1,0.857127483948716,2391.387037811128,None,2393.3782204398794,None,167.19146167444887,,,,,,,P043,2023_Oct_19_1329,Hipp_fMRI_OHBA_201806_v1842_L1R2,2021.1.4,120.05825090479006,
scan_order4.xlsx,cl031.jpg,2,scene,novel,,,,,0,3,3,3,0,6,6,6,,,,,,,,,,,,,,,,,,,,,,,,,,,,,167.19176647246604,2393.9103881385054,None,2,1,0.7636518410436111,2393.9103881385054,None,2395.8845580615343,None,169.68457168413988,,,,,,,P043,2023_Oct_19_1329,Hipp_fMRI_OHBA_201806_v1842_L1R2,2021.1.4,120.05825090479006,
scan_order4.xlsx,cl032.jpg,1,animal,novel,,,,,0,3,3,3,0,7,7,7,,,,,,,,,,,,,,,,,,,,,,,,,,,,,169.68487741521312,2396.3949320798056,None,1,1,0.6771218607354967,2396.3949320798056,None,2398.3840122242673,None,172.1899339521351,,,,,,,P043,2023_Oct_19_1329,Hipp_fMRI_OHBA_201806_v1842_L1R2,2021.1.4,120.05825090479006,
scan_order4.xlsx,,,,,,,,,0,3,3,3,,,,,,,,,,,,,,,,,,,,,,,,,,,2398.8847428064564,2410.392487164272,2410.372782594417,None,172.19002103728417,184.18732201972853,,,,,,,,,,,,,,,,,,P043,2023_Oct_19_1329,Hipp_fMRI_OHBA_201806_v1842_L1R2,2021.1.4,120.05825090479006,
scan_order5.xlsx,cl033.jpg,1,animal,familiar,,,,,0,4,4,4,0,0,0,0,,,,,,,,,,,,,,,,,,,,,,,,,,,,,184.19508441660946,2410.9064083472367,None,1,1,0.5294263825708185,2410.9064083472367,None,2412.889124433481,None,186.68780223211616,,,,,,,P043,2023_Oct_19_1329,Hipp_fMRI_OHBA_201806_v1842_L1R2,2021.1.4,120.05825090479006,
scan_order5.xlsx,cl034.jpg,1,animal,familiar,,,,,0,4,4,4,0,1,1,1,,,,,,,,,,,,,,,,,,,,,,,,,,,,,186.6880936563448,2413.3971552392304,None,1,1,0.488768504039399,2413.3971552392304,None,2415.381354572157,None,189.18755932675776,,,,,,,P043,2023_Oct_19_1329,Hipp_fMRI_OHBA_201806_v1842_L1R2,2021.1.4,120.05825090479006,
scan_order5.xlsx,cl035.jpg,1,animal,familiar,,,,,0,4,4,4,0,2,2,2,,,,,,,,,,,,,,,,,,,,,,,,,,,,,189.1878622586646,2415.892141000808,None,1,1,0.5777577067237871,2415.892141000808,None,2417.8804787443823,None,191.68525499153475,,,,,,,P043,2023_Oct_19_1329,Hipp_fMRI_OHBA_201806_v1842_L1R2,2021.1.4,120.05825090479006,
scan_order5.xlsx,cl036.jpg,2,scene,familiar,,,,,0,4,4,4,0,3,3,3,,,,,,,,,,,,,,,,,,,,,,,,,,,,,191.6855454827073,2418.4046430068756,None,2,1,0.5681226681408589,2418.4046430068756,None,2420.3805319285257,None,194.1852117599792,,,,,,,P043,2023_Oct_19_1329,Hipp_fMRI_OHBA_201806_v1842_L1R2,2021.1.4,120.05825090479006,
scan_order5.xlsx,cl037.jpg,1,animal,familiar,,,,,0,4,4,4,0,4,4,4,,,,,,,,,,,,,,,,,,,,,,,,,,,,,194.18548359004853,2420.8957541014006,None,1,1,0.5380073798442027,2420.8957541014006,None,2422.8808130891466,None,196.6924743503132,,,,,,,P043,2023_Oct_19_1329,Hipp_fMRI_OHBA_201806_v1842_L1R2,2021.1.4,120.05825090479006,
scan_order5.xlsx,cl038.jpg,2,scene,familiar,,,,,0,4,4,4,0,5,5,5,,,,,,,,,,,,,,,,,,,,,,,,,,,,,196.69276515250385,2423.4035093448583,None,2,1,0.738289846742191,2423.4035093448583,None,2425.3874088560624,None,199.18383332649137,,,,,,,P043,2023_Oct_19_1329,Hipp_fMRI_OHBA_201806_v1842_L1R2,2021.1.4,120.05825090479006,
scan_order5.xlsx,cl039.jpg,2,scene,familiar,,,,,0,4,4,4,0,6,6,6,,,,,,,,,,,,,,,,,,,,,,,,,,,,,199.1841020463762,2425.9024120719932,None,2,1,0.603305067983456,2425.9024120719932,None,2427.885412429041,None,201.68629721414618,,,,,,,P043,2023_Oct_19_1329,Hipp_fMRI_OHBA_201806_v1842_L1R2,2021.1.4,120.05825090479006,
scan_order5.xlsx,cl040.jpg,2,scene,familiar,,,,,0,4,4,4,0,7,7,7,,,,,,,,,,,,,,,,,,,,,,,,,,,,,201.68663871233366,2428.393611806756,None,2,1,0.5480756670422124,2428.393611806756,None,2430.384814340685,None,204.19265785116113,,,,,,,P043,2023_Oct_19_1329,Hipp_fMRI_OHBA_201806_v1842_L1R2,2021.1.4,120.05825090479006,
scan_order5.xlsx,,,,,,,,,0,4,4,4,,,,,,,,,,,,,,,,,,,,,,,,,,,2430.8884044259157,2442.391228783881,2442.3818637092554,None,204.1927371608508,216.1879779575047,,,,,,,,,,,,,,,,,,P043,2023_Oct_19_1329,Hipp_fMRI_OHBA_201806_v1842_L1R2,2021.1.4,120.05825090479006,
scan_order6.xlsx,cl041.jpg,2,scene,novel,,,,,0,5,5,5,0,0,0,0,,,,,,,,,,,,,,,,,,,,,,,,,,,,,216.19515906102242,2442.8995152467432,None,2,1,0.6040057924074063,2442.8995152467432,None,2444.8827078131562,None,218.68742278968602,,,,,,,P043,2023_Oct_19_1329,Hipp_fMRI_OHBA_201806_v1842_L1R2,2021.1.4,120.05825090479006,
scan_order6.xlsx,cl042.jpg,2,scene,novel,,,,,0,5,5,5,0,1,1,1,,,,,,,,,,,,,,,,,,,,,,,,,,,,,218.68770395030697,2445.4061091475487,None,2,1,0.706417304565548,2445.4061091475487,None,2447.3808115340544,None,221.18671335674662,,,,,,,P043,2023_Oct_19_1329,Hipp_fMRI_OHBA_201806_v1842_L1R2,2021.1.4,120.05825090479006,
scan_order6.xlsx,cl043.jpg,1,animal,novel,,,,,0,5,5,5,0,2,2,2,,,,,,,,,,,,,,,,,,,,,,,,,,,,,221.18700633606568,2447.900708624291,None,1,1,0.6648052216260112,2447.900708624291,None,2449.882959738048,None,223.68918470884273,,,,,,,P043,2023_Oct_19_1329,Hipp_fMRI_OHBA_201806_v1842_L1R2,2021.1.4,120.05825090479006,
scan_order6.xlsx,cl044.jpg,1,animal,novel,,,,,0,5,5,5,0,3,3,3,,,,,,,,,,,,,,,,,,,,,,,,,,,,,223.68965776780897,2450.405364880551,None,1,1,0.8592315233290719,2450.405364880551,None,2452.3820245057614,None,226.186669192135,,,,,,,P043,2023_Oct_19_1329,Hipp_fMRI_OHBA_201806_v1842_L1R2,2021.1.4,120.05825090479006,
scan_order6.xlsx,cl045.jpg,1,animal,novel,,,,,0,5,5,5,0,4,4,4,,,,,,,,,,,,,,,,,,,,,,,,,,,,,226.1869344908191,2452.9380690858925,None,1,1,1.1814546578734735,2452.9380690858925,None,2454.8888177693516,None,228.6877913464723,,,,,,,P043,2023_Oct_19_1329,Hipp_fMRI_OHBA_201806_v1842_L1R2,2021.1.4,120.05825090479006,
scan_order6.xlsx,cl046.jpg,2,scene,novel,,,,,0,5,5,5,0,5,5,5,,,,,,,,,,,,,,,,,,,,,,,,,,,,,228.68806504265376,2455.4204965470744,None,2,1,0.715968057167629,2455.4204965470744,None,2457.3795260950646,None,231.18555450223903,,,,,,,P043,2023_Oct_19_1329,Hipp_fMRI_OHBA_201806_v1842_L1R2,2021.1.4,120.05825090479006,
scan_order6.xlsx,cl047.jpg,2,scene,novel,,,,,0,5,5,5,0,6,6,6,,,,,,,,,,,,,,,,,,,,,,,,,,,,,231.18593456670715,2457.890543299358,None,2,1,1.028927198060046,2457.890543299358,None,2459.8804504417094,None,233.68485719901764,,,,,,,P043,2023_Oct_19_1329,Hipp_fMRI_OHBA_201806_v1842_L1R2,2021.1.4,120.05825090479006,
scan_order6.xlsx,cl048.jpg,1,animal,novel,,,,,0,5,5,5,0,7,7,7,,,,,,,,,,,,,,,,,,,,,,,,,,,,,233.68515235546693,2460.3952931721524,None,1,1,1.3002658585173776,2460.3952931721524,None,2462.378397098324,None,236.19144270232755,,,,,,,P043,2023_Oct_19_1329,Hipp_fMRI_OHBA_201806_v1842_L1R2,2021.1.4,120.05825090479006,
scan_order6.xlsx,,,,,,,,,0,5,5,5,,,,,,,,,,,,,,,,,,,,,,,,,,,2462.8872530358512,2474.393510414762,2474.3746465276054,None,236.1915126814638,248.18215413822327,,,,,,,,,,,,,,,,,,P043,2023_Oct_19_1329,Hipp_fMRI_OHBA_201806_v1842_L1R2,2021.1.4,120.05825090479006,
scan_order7.xlsx,cl049.jpg,1,animal,familiar,,,,,0,6,6,6,0,0,0,0,,,,,,,,,,,,,,,,,,,,,,,,,,,,,248.18973427833225,2474.894055629993,None,1,1,0.6021863348469196,2474.894055629993,None,2476.890430088666,None,250.68835677789866,,,,,,,P043,2023_Oct_19_1329,Hipp_fMRI_OHBA_201806_v1842_L1R2,2021.1.4,120.05825090479006,
scan_order7.xlsx,cl050.jpg,1,animal,familiar,,,,,0,6,6,6,0,1,1,1,,,,,,,,,,,,,,,,,,,,,,,,,,,,,250.68865100129187,2477.392790718217,None,1,1,0.4424202331138076,2477.392790718217,None,2479.383448347933,None,253.19589555256061,,,,,,,P043,2023_Oct_19_1329,Hipp_fMRI_OHBA_201806_v1842_L1R2,2021.1.4,120.05825090479006,
scan_order7.xlsx,cl051.jpg,1,animal,familiar,,,,,0,6,6,6,0,2,2,2,,,,,,,,,,,,,,,,,,,,,,,,,,,,,253.19618479966084,2479.9002567145762,None,1,1,0.49697161397307354,2479.9002567145762,None,2481.8836007469417,None,255.68677369431316,,,,,,,P043,2023_Oct_19_1329,Hipp_fMRI_OHBA_201806_v1842_L1R2,2021.1.4,120.05825090479006,
scan_order7.xlsx,cl052.jpg,2,scene,familiar,,,,,0,6,6,6,0,3,3,3,,,,,,,,,,,,,,,,,,,,,,,,,,,,,255.6870725829831,2482.439433523552,None,2,1,0.475709775058931,2482.439433523552,None,2484.3804457764327,None,258.1862738877662,,,,,,,P043,2023_Oct_19_1329,Hipp_fMRI_OHBA_201806_v1842_L1R2,2021.1.4,120.05825090479006,
scan_order7.xlsx,cl053.jpg,2,scene,familiar,,,,,0,6,6,6,0,4,4,4,,,,,,,,,,,,,,,,,,,,,,,,,,,,,258.1865618907923,2484.8905939953547,None,2,1,0.6776129587688047,2484.8905939953547,None,2486.8882380310806,None,260.6889816138373,,,,,,,P043,2023_Oct_19_1329,Hipp_fMRI_OHBA_201806_v1842_L1R2,2021.1.4,120.05825090479006,
scan_order7.xlsx,cl054.jpg,2,scene,familiar,,,,,0,6,6,6,0,5,5,5,,,,,,,,,,,,,,,,,,,,,,,,,,,,,260.6893259111912,2487.4075687568347,None,2,1,0.5438252897765778,2487.4075687568347,None,2489.3878386834713,None,263.1851523554669,,,,,,,P043,2023_Oct_19_1329,Hipp_fMRI_OHBA_201806_v1842_L1R2,2021.1.4,120.05825090479006,
scan_order7.xlsx,cl055.jpg,1,animal,familiar,,,,,0,6,6,6,0,6,6,6,,,,,,,,,,,,,,,,,,,,,,,,,,,,,263.18544875598855,2489.9043316774714,None,1,1,0.5168242285799352,2489.9043316774714,None,2491.880666599487,None,265.6862620690681,,,,,,,P043,2023_Oct_19_1329,Hipp_fMRI_OHBA_201806_v1842_L1R2,2021.1.4,120.05825090479006,
scan_order7.xlsx,cl056.jpg,2,scene,familiar,,,,,0,6,6,6,0,7,7,7,,,,,,,,,,,,,,,,,,,,,,,,,,,,,265.6865967248523,2492.3960246873958,None,2,1,0.6971019928805617,2492.3960246873958,None,2494.380098057878,None,268.1864707624063,,,,,,,P043,2023_Oct_19_1329,Hipp_fMRI_OHBA_201806_v1842_L1R2,2021.1.4,120.05825090479006,
scan_order7.xlsx,,,,,,,,,0,6,6,6,,,,,,,,,,,,,,,,,,,,,,,,,,,2494.8865255638448,2506.4001904676607,2506.375200762368,None,268.1865472729278,280.18961453625343,,,,,,,,,,,,,,,,,,P043,2023_Oct_19_1329,Hipp_fMRI_OHBA_201806_v1842_L1R2,2021.1.4,120.05825090479006,
scan_order8.xlsx,cl057.jpg,2,scene,novel,,,,,0,7,7,7,0,0,0,0,,,,,,,,,,,,,,,,,,,,,,,,,,,,,280.1979230814213,2506.9088305584282,None,2,1,0.7591007089977211,2506.9088305584282,None,2508.8849213310095,None,282.6922581925355,,,,,,,P043,2023_Oct_19_1329,Hipp_fMRI_OHBA_201806_v1842_L1R2,2021.1.4,120.05825090479006,
scan_order8.xlsx,cl058.jpg,2,scene,novel,,,,,0,7,7,7,0,1,1,1,,,,,,,,,,,,,,,,,,,,,,,,,,,,,282.69255179389256,2509.417305187413,None,2,1,0.6206913067871938,2509.417305187413,None,2511.3908521406156,None,285.1966619018658,,,,,,,P043,2023_Oct_19_1329,Hipp_fMRI_OHBA_201806_v1842_L1R2,2021.1.4,120.05825090479006,
scan_order8.xlsx,cl059.jpg,1,animal,novel,,,,,0,7,7,7,0,2,2,2,,,,,,,,,,,,,,,,,,,,,,,,,,,,,285.19695830238743,2511.9015754325337,None,1,1,0.7293769928492111,2511.9015754325337,None,2513.891250866187,None,287.68984935513436,,,,,,,P043,2023_Oct_19_1329,Hipp_fMRI_OHBA_201806_v1842_L1R2,2021.1.4,120.05825090479006,
scan_order8.xlsx,cl060.jpg,2,scene,novel,,,,,0,7,7,7,0,3,3,3,,,,,,,,,,,,,,,,,,,,,,,,,,,,,287.690145755656,2514.407042513725,None,2,1,0.6558755727401149,2514.407042513725,None,2516.382235065208,None,290.1955207754054,,,,,,,P043,2023_Oct_19_1329,Hipp_fMRI_OHBA_201806_v1842_L1R2,2021.1.4,120.05825090479006,
scan_order8.xlsx,cl061.jpg,2,scene,novel,,,,,0,7,7,7,0,4,4,4,,,,,,,,,,,,,,,,,,,,,,,,,,,,,290.1958081563953,2516.9062926483966,None,2,1,0.7035730414245336,2516.9062926483966,None,2518.881539628097,None,292.6871537587813,,,,,,,P043,2023_Oct_19_1329,Hipp_fMRI_OHBA_201806_v1842_L1R2,2021.1.4,120.05825090479006,
scan_order8.xlsx,cl062.jpg,1,animal,novel,,,,,0,7,7,7,0,5,5,5,,,,,,,,,,,,,,,,,,,,,,,,,,,,,292.68742714394284,2519.3914713782233,None,1,1,0.9343163380435726,2519.3914713782233,None,2521.3825404852632,None,295.18594731846133,,,,,,,P043,2023_Oct_19_1329,Hipp_fMRI_OHBA_201806_v1842_L1R2,2021.1.4,120.05825090479006,
scan_order8.xlsx,cl063.jpg,1,animal,novel,,,,,0,7,7,7,0,6,6,6,,,,,,,,,,,,,,,,,,,,,,,,,,,,,295.18623687657964,2521.905087452151,None,1,1,0.8427643438571977,2521.905087452151,None,2523.879343838291,None,297.68769430873726,,,,,,,P043,2023_Oct_19_1329,Hipp_fMRI_OHBA_201806_v1842_L1R2,2021.1.4,120.05825090479006,
scan_order8.xlsx,cl064.jpg,1,animal,novel,,,,,0,7,7,7,0,7,7,7,,,,,,,,,,,,,,,,,,,,,,,,,,,,,297.68804047219965,2524.3958903274524,None,1,1,0.908903336729054,2524.3958903274524,None,2526.3816696337817,None,300.1860925640485,,,,,,,P043,2023_Oct_19_1329,Hipp_fMRI_OHBA_201806_v1842_L1R2,2021.1.4,120.05825090479006,
scan_order8.xlsx,,,,,,,,,0,7,7,7,,,,,,,,,,,,,,,,,,,,,,,,,,,2526.881752364674,2538.3879506500907,2538.3773707376495,None,300.18616751947957,312.19157768430705,,,,,,,,,,,,,,,,,,P043,2023_Oct_19_1329,Hipp_fMRI_OHBA_201806_v1842_L1R2,2021.1.4,120.05825090479006,
scan_order9.xlsx,cl065.jpg,2,scene,familiar,,,,,0,8,8,8,0,0,0,0,,,,,,,,,,,,,,,,,,,,,,,,,,,,,312.1993226641589,2538.917831741541,None,2,1,0.6079053409321205,2538.917831741541,None,2540.885499203172,None,314.6897691123904,,,,,,,P043,2023_Oct_19_1329,Hipp_fMRI_OHBA_201806_v1842_L1R2,2021.1.4,120.05825090479006,
scan_order9.xlsx,cl066.jpg,1,animal,familiar,,,,,0,8,8,8,0,1,1,1,,,,,,,,,,,,,,,,,,,,,,,,,,,,,314.6900372102391,2541.40057799657,None,1,1,0.5370746357039025,2541.40057799657,None,2543.383086322532,None,317.1916591711233,,,,,,,P043,2023_Oct_19_1329,Hipp_fMRI_OHBA_201806_v1842_L1R2,2021.1.4,120.05825090479006,
scan_order9.xlsx,cl067.jpg,2,scene,familiar,,,,,0,8,8,8,0,2,2,2,,,,,,,,,,,,,,,,,,,,,,,,,,,,,317.19199507097983,2543.901451647216,None,2,1,0.6921194783335523,2543.901451647216,None,2545.884804699115,None,319.69191856045836,,,,,,,P043,2023_Oct_19_1329,Hipp_fMRI_OHBA_201806_v1842_L1R2,2021.1.4,120.05825090479006,
scan_order9.xlsx,cl068.jpg,1,animal,familiar,,,,,0,8,8,8,0,3,3,3,,,,,,,,,,,,,,,,,,,,,,,,,,,,,319.69221527199807,2546.4023952770003,None,1,1,0.6132626326343598,2546.4023952770003,None,2548.38272989546,None,322.196197551415,,,,,,,P043,2023_Oct_19_1329,Hipp_fMRI_OHBA_201806_v1842_L1R2,2021.1.4,120.05825090479006,
scan_order9.xlsx,cl069.jpg,1,animal,familiar,,,,,0,8,8,8,0,4,4,4,,,,,,,,,,,,,,,,,,,,,,,,,,,,,322.19651572322255,2548.9003730354525,None,1,1,0.485147939005401,2548.9003730354525,None,2550.882873585955,None,324.68738266831315,,,,,,,P043,2023_Oct_19_1329,Hipp_fMRI_OHBA_201806_v1842_L1R2,2021.1.4,120.05825090479006,
scan_order9.xlsx,cl070.jpg,2,scene,familiar,,,,,0,8,8,8,0,5,5,5,,,,,,,,,,,,,,,,,,,,,,,,,,,,,324.6876716043953,2551.416769924772,None,2,1,0.5437341613887838,2551.416769924772,None,2553.3906894779993,None,327.189151429875,,,,,,,P043,2023_Oct_19_1329,Hipp_fMRI_OHBA_201806_v1842_L1R2,2021.1.4,120.05825090479006,
scan_order9.xlsx,cl071.jpg,2,scene,familiar,,,,,0,8,8,8,0,6,6,6,,,,,,,,,,,,,,,,,,,,,,,,,,,,,327.18967083058124,2553.897251032893,None,2,1,0.5942488346136088,2553.897251032893,None,2555.88110917865,None,329.6872361786536,,,,,,,P043,2023_Oct_19_1329,Hipp_fMRI_OHBA_201806_v1842_L1R2,2021.1.4,120.05825090479006,
scan_order9.xlsx,cl072.jpg,1,animal,familiar,,,,,0,8,8,8,0,7,7,7,,,,,,,,,,,,,,,,,,,,,,,,,,,,,329.6875870073927,2556.405437036816,None,1,1,0.816124063991083,2556.405437036816,None,2558.3885061289293,None,332.19393427061914,,,,,,,P043,2023_Oct_19_1329,Hipp_fMRI_OHBA_201806_v1842_L1R2,2021.1.4,120.05825090479006,
scan_order9.xlsx,,,,,,,,,0,8,8,8,,,,,,,,,,,,,,,,,,,,,,,,,,,2558.889107638488,2570.395072349098,2570.376758031429,None,332.1940011395709,344.1861395278247,,,,,,,,,,,,,,,,,,P043,2023_Oct_19_1329,Hipp_fMRI_OHBA_201806_v1842_L1R2,2021.1.4,120.05825090479006,
scan_order10.xlsx,cl073.jpg,2,scene,novel,,,,,0,9,9,9,0,0,0,0,,,,,,,,,,,,,,,,,,,,,,,,,,,,,344.19374423838417,2570.9299032981635,None,2,1,0.6124552289038547,2570.9299032981635,None,2572.892813733577,None,346.6841539864472,,,,,,,P043,2023_Oct_19_1329,Hipp_fMRI_OHBA_201806_v1842_L1R2,2021.1.4,120.05825090479006,
scan_order10.xlsx,cl074.jpg,2,scene,novel,,,,,0,9,9,9,0,1,1,1,,,,,,,,,,,,,,,,,,,,,,,,,,,,,346.68444976493265,2573.395079502521,None,2,1,0.6172150542843156,2573.395079502521,None,2575.3854681013327,None,349.1911739824409,,,,,,,P043,2023_Oct_19_1329,Hipp_fMRI_OHBA_201806_v1842_L1R2,2021.1.4,120.05825090479006,
scan_order10.xlsx,cl075.jpg,1,animal,novel,,,,,0,9,9,9,0,2,2,2,,,,,,,,,,,,,,,,,,,,,,,,,,,,,349.1915195238689,2575.9004483019016,None,1,1,0.5228900201655051,2575.9004483019016,None,2577.8915867660435,None,351.68985495346533,,,,,,,P043,2023_Oct_19_1329,Hipp_fMRI_OHBA_201806_v1842_L1R2,2021.1.4,120.05825090479006,
scan_order10.xlsx,cl076.jpg,1,animal,novel,,,,,0,9,9,9,0,3,3,3,,,,,,,,,,,,,,,,,,,,,,,,,,,,,351.6901211852037,2578.3940873538686,None,1,1,0.6931651221493667,2578.3940873538686,None,2580.3910878925526,None,354.1970842648334,,,,,,,P043,2023_Oct_19_1329,Hipp_fMRI_OHBA_201806_v1842_L1R2,2021.1.4,120.05825090479006,
scan_order10.xlsx,cl077.jpg,2,scene,novel,,,,,0,9,9,9,0,4,4,4,,,,,,,,,,,,,,,,,,,,,,,,,,,,,354.197375689062,2580.9163037082108,None,2,1,0.8789858561267465,2580.9163037082108,None,2582.8914486738795,None,356.6880768613519,,,,,,,P043,2023_Oct_19_1329,Hipp_fMRI_OHBA_201806_v1842_L1R2,2021.1.4,120.05825090479006,
scan_order10.xlsx,cl078.jpg,1,animal,novel,,,,,0,9,9,9,0,5,5,5,,,,,,,,,,,,,,,,,,,,,,,,,,,,,356.68837170678125,2583.399089462573,None,1,1,0.6551782695187285,2583.399089462573,None,2585.3825812286723,None,359.19072331680036,,,,,,,P043,2023_Oct_19_1329,Hipp_fMRI_OHBA_201806_v1842_L1R2,2021.1.4,120.05825090479006,
scan_order10.xlsx,cl079.jpg,1,animal,novel,,,,,0,9,9,9,0,6,6,6,,,,,,,,,,,,,,,,,,,,,,,,,,,,,359.1910579725827,2585.898055326439,None,1,1,0.6672131259711023,2585.898055326439,None,2587.8896335705795,None,361.69523277238113,,,,,,,P043,2023_Oct_19_1329,Hipp_fMRI_OHBA_201806_v1842_L1R2,2021.1.4,120.05825090479006,
scan_order10.xlsx,cl080.jpg,2,scene,novel,,,,,0,9,9,9,0,7,7,7,,,,,,,,,,,,,,,,,,,,,,,,,,,,,361.69551984235113,2588.400296213911,None,2,1,0.6869142746236321,2588.400296213911,None,2590.382700348715,None,364.18892718561983,,,,,,,P043,2023_Oct_19_1329,Hipp_fMRI_OHBA_201806_v1842_L1R2,2021.1.4,120.05825090479006,
scan_order10.xlsx,,,,,,,,,0,9,9,9,,,,,,,,,,,,,,,,,,,,,,,,,,,2590.8885932140765,2602.395169697853,2602.3714859587635,None,364.18899218846127,376.1840385986252,,,,,,,,,,,,,,,,,,P043,2023_Oct_19_1329,Hipp_fMRI_OHBA_201806_v1842_L1R2,2021.1.4,120.05825090479006,
scan_order11.xlsx,cl081.jpg,1,animal,familiar,,,,,0,10,10,10,0,0,0,0,,,,,,,,,,,,,,,,,,,,,,,,,,,,,376.1912601345339,2602.8941719508693,None,1,1,0.6059048706720205,2602.8941719508693,None,2604.8935175681854,None,378.6919297571203,,,,,,,P043,2023_Oct_19_1329,Hipp_fMRI_OHBA_201806_v1842_L1R2,2021.1.4,120.05825090479006,
scan_order11.xlsx,cl082.jpg,1,animal,familiar,,,,,0,10,10,10,0,1,1,1,,,,,,,,,,,,,,,,,,,,,,,,,,,,,378.69219536682067,2605.396256707112,None,1,1,0.5878182184624166,2605.396256707112,None,2607.3859324517834,None,381.1924547561557,,,,,,,P043,2023_Oct_19_1329,Hipp_fMRI_OHBA_201806_v1842_L1R2,2021.1.4,120.05825090479006,
scan_order11.xlsx,cl083.jpg,2,scene,familiar,,,,,0,10,10,10,0,2,2,2,,,,,,,,,,,,,,,,,,,,,,,,,,,,,381.1927324955741,2607.9274036433944,None,2,1,0.8726068690284592,2607.9274036433944,None,2609.884907957219,None,383.68470013473234,,,,,,,P043,2023_Oct_19_1329,Hipp_fMRI_OHBA_201806_v1842_L1R2,2021.1.4,120.05825090479006,
scan_order11.xlsx,cl084.jpg,1,animal,familiar,,,,,0,10,10,10,0,3,3,3,,,,,,,,,,,,,,,,,,,,,,,,,,,,,383.68500213358675,2610.3947423585905,None,1,1,0.5562538955055061,2610.3947423585905,None,2612.383964016417,None,386.1914287064992,,,,,,,P043,2023_Oct_19_1329,Hipp_fMRI_OHBA_201806_v1842_L1R2,2021.1.4,120.05825090479006,
scan_order11.xlsx,cl085.jpg,1,animal,familiar,,,,,0,10,10,10,0,4,4,4,,,,,,,,,,,,,,,,,,,,,,,,,,,,,386.1917020916608,2612.8950340938354,None,1,1,0.6209687351874891,2612.8950340938354,None,2614.8917995026204,None,388.6921067265812,,,,,,,P043,2023_Oct_19_1329,Hipp_fMRI_OHBA_201806_v1842_L1R2,2021.1.4,120.05825090479006,
scan_order11.xlsx,cl086.jpg,2,scene,familiar,,,,,0,10,10,10,0,5,5,5,,,,,,,,,,,,,,,,,,,,,,,,,,,,,388.6924183670035,2615.4081833291657,None,2,1,0.5537881417403696,2615.4081833291657,None,2617.390916832441,None,391.188117915779,,,,,,,P043,2023_Oct_19_1329,Hipp_fMRI_OHBA_201806_v1842_L1R2,2021.1.4,120.05825090479006,
scan_order11.xlsx,cl087.jpg,2,scene,familiar,,,,,0,10,10,10,0,6,6,6,,,,,,,,,,,,,,,,,,,,,,,,,,,,,391.1884239578703,2617.8917774203146,None,2,1,0.768152899127017,2617.8917774203146,None,2619.884515452017,None,393.68752511473394,,,,,,,P043,2023_Oct_19_1329,Hipp_fMRI_OHBA_201806_v1842_L1R2,2021.1.4,120.05825090479006,
scan_order11.xlsx,cl088.jpg,2,scene,familiar,,,,,0,10,10,10,0,7,7,7,,,,,,,,,,,,,,,,,,,,,,,,,,,,,393.6877944566568,2620.3982080364676,None,2,1,0.7596521445957478,2620.3982080364676,None,2622.3822559034397,None,396.18721098616516,,,,,,,P043,2023_Oct_19_1329,Hipp_fMRI_OHBA_201806_v1842_L1R2,2021.1.4,120.05825090479006,
scan_order11.xlsx,,,,,,,,,0,10,10,10,,,,,,,,,,,,,,,,,,,,,,,,,,,2622.8819980691987,2634.394858990485,2634.372534712762,None,396.18728469752205,408.18483014041885,,,,,,,,,,,,,,,,,,P043,2023_Oct_19_1329,Hipp_fMRI_OHBA_201806_v1842_L1R2,2021.1.4,120.05825090479006,
scan_order12.xlsx,cl089.jpg,2,scene,novel,,,,,0,11,11,11,0,0,0,0,,,,,,,,,,,,,,,,,,,,,,,,,,,,,408.19236238369376,2634.9035056126377,None,2,1,0.6841586517221003,2634.9035056126377,None,2636.886377519093,None,410.6840849403652,,,,,,,P043,2023_Oct_19_1329,Hipp_fMRI_OHBA_201806_v1842_L1R2,2021.1.4,120.05825090479006,
scan_order12.xlsx,cl090.jpg,1,animal,novel,,,,,0,11,11,11,0,1,1,1,,,,,,,,,,,,,,,,,,,,,,,,,,,,,410.6843878722739,2637.391313069864,None,1,1,0.6174464519644971,2637.391313069864,None,2639.3858693150505,None,413.1860536867498,,,,,,,P043,2023_Oct_19_1329,Hipp_fMRI_OHBA_201806_v1842_L1R2,2021.1.4,120.05825090479006,
scan_order12.xlsx,cl091.jpg,1,animal,novel,,,,,0,11,11,11,0,2,2,2,,,,,,,,,,,,,,,,,,,,,,,,,,,,,413.1863625280075,2639.8936898723714,None,1,1,0.6529998967416759,2639.8936898723714,None,2641.8856217444154,None,415.6846665447465,,,,,,,P043,2023_Oct_19_1329,Hipp_fMRI_OHBA_201806_v1842_L1R2,2021.1.4,120.05825090479006,
scan_order12.xlsx,cl092.jpg,1,animal,novel,,,,,0,11,11,11,0,3,3,3,,,,,,,,,,,,,,,,,,,,,,,,,,,,,415.6849862716481,2642.3884215319285,None,1,1,0.781211628107485,2642.3884215319285,None,2644.3847141927654,None,418.18437823070417,,,,,,,P043,2023_Oct_19_1329,Hipp_fMRI_OHBA_201806_v1842_L1R2,2021.1.4,120.05825090479006,
scan_order12.xlsx,cl093.jpg,1,animal,novel,,,,,0,11,11,11,0,4,4,4,,,,,,,,,,,,,,,,,,,,,,,,,,,,,418.18472439416655,2644.8924081656023,None,1,1,0.623299506973126,2644.8924081656023,None,2646.886608916773,None,420.68450108296565,,,,,,,P043,2023_Oct_19_1329,Hipp_fMRI_OHBA_201806_v1842_L1R2,2021.1.4,120.05825090479006,
scan_order12.xlsx,cl094.jpg,2,scene,novel,,,,,0,11,11,11,0,5,5,5,,,,,,,,,,,,,,,,,,,,,,,,,,,,,420.68480588098464,2647.409081861284,None,2,1,0.5556175518868258,2647.409081861284,None,2649.3856687081916,None,423.18913276877356,,,,,,,P043,2023_Oct_19_1329,Hipp_fMRI_OHBA_201806_v1842_L1R2,2021.1.4,120.05825090479006,
scan_order12.xlsx,cl095.jpg,2,scene,novel,,,,,0,11,11,11,0,6,6,6,,,,,,,,,,,,,,,,,,,,,,,,,,,,,423.18942263790814,2649.8941050819158,None,2,1,0.9135375106834545,2649.8941050819158,None,2651.8914097965826,None,425.6889480238515,,,,,,,P043,2023_Oct_19_1329,Hipp_fMRI_OHBA_201806_v1842_L1R2,2021.1.4,120.05825090479006,
scan_order12.xlsx,cl096.jpg,2,scene,novel,,,,,0,11,11,11,0,7,7,7,,,,,,,,,,,,,,,,,,,,,,,,,,,,,425.6892133225356,2652.39270332205,None,2,1,1.1959338078231667,2652.39270332205,None,2654.3912070125934,None,428.18876981031644,,,,,,,P043,2023_Oct_19_1329,Hipp_fMRI_OHBA_201806_v1842_L1R2,2021.1.4,120.05825090479006,
scan_order12.xlsx,,,,,,,,,0,11,11,11,,,,,,,,,,,,,,,,,,,,,,,,,,,2654.8835879951876,2666.388395717402,2666.3790365521254,None,428.1888373013062,440.18875519245194,,,,,,,,,,,,,,,,,,P043,2023_Oct_19_1329,Hipp_fMRI_OHBA_201806_v1842_L1R2,2021.1.4,120.05825090479006,
,,,,,,,,,,,,,,,,,,,,,,,,,,,,,,,,,,,,,,,,,,,,,,,,,,,,,,,,2666.8873740220024,None,space,4.254011204126073,2666.8873740220024,None,P043,2023_Oct_19_1329,Hipp_fMRI_OHBA_201806_v1842_L1R2,2021.1.4,120.05825090479006,
